time,day,crowd,lighting,incidents,risk
13,5,0.79,0.46,17,1
8,5,0.93,0.9,1,0
12,1,0.07,0.02,18,1
14,0,0.02,0.37,7,0
4,4,0.01,0.39,14,0
3,3,0.81,0.17,3,1
7,5,0.29,0.68,6,0
21,2,0.98,0.13,17,1
18,6,0.62,0.21,11,0
20,0,0.19,0.82,15,0
17,3,0.21,0.49,8,0
18,1,0.72,0.85,1,0
19,0,0.44,0.78,4,0
14,0,0.06,0.93,8,0
20,3,0.22,0.78,8,0
1,6,0.98,0.51,5,0
10,4,0.86,0.9,13,0
9,3,0.97,0.3,3,1
17,2,0.79,0.26,3,0
6,5,0.12,0.91,3,0
17,5,0.47,0.84,5,0
16,0,0.31,0.85,12,0
12,4,0.17,0.84,7,0
13,4,0.31,0.02,9,0
15,4,0.47,0.95,5,0
18,6,0.69,0.2,14,0
5,1,0.94,0.9,0,0
3,5,0.82,0.21,17,1
22,1,0.25,0.01,10,0
4,6,0.32,0.48,12,0
17,3,0.98,0.36,5,1
13,0,0.67,0.8,7,0
11,2,0.54,0.61,5,0
16,2,0.09,0.24,18,1
3,1,0.14,0.12,16,1
14,2,0.11,0.44,11,0
5,0,0.23,0.21,20,1
20,6,0.8,0.92,5,0
13,2,0.95,0.44,10,1
16,4,0.75,0.57,12,0
19,4,0.83,0.1,17,1
0,1,0.36,0.73,7,0
2,4,0.09,0.07,14,0
17,4,0.13,0.68,5,0
5,5,0.27,0.57,14,0
10,0,0.06,0.23,8,0
4,2,0.02,0.44,14,0
18,3,0.17,0.31,18,1
12,4,0.69,0.12,13,0
12,2,0.02,0.63,11,0
5,1,0.72,0.92,1,0
14,5,0.27,0.27,15,0
10,4,0.11,0.76,2,0
22,5,0.68,0.14,0,1
19,1,0.01,0.82,19,1
2,1,0.12,0.86,16,1
7,5,0.76,0.3,10,0
17,0,0.19,0.59,15,0
7,5,0.63,0.08,16,1
11,6,0.33,0.31,15,0
2,4,0.68,0.37,15,0
0,4,0.34,0.82,12,0
6,2,0.98,0.6,1,0
22,0,0.45,0.49,0,0
5,2,0.48,0.03,18,1
3,1,0.87,0.42,18,1
5,5,0.06,0.95,17,1
10,1,0.16,0.8,14,0
14,6,0.88,0.16,9,1
12,4,0.14,0.9,18,1
11,6,0.19,0.5,11,0
1,2,0.67,0.78,5,0
6,6,0.83,0.27,20,1
11,3,0.5,0.94,17,1
18,4,0.88,0.93,15,0
10,5,0.04,0.62,4,0
0,1,0.54,0.22,5,0
20,6,0.54,0.5,3,0
12,5,0.16,0.95,11,0
5,3,0.15,0.88,19,1
17,4,0.37,0.58,8,0
13,1,0.15,0.19,9,0
10,5,0.2,0.93,10,0
20,5,0.06,0.06,0,0
17,2,0.79,0.55,3,0
21,0,0.04,0.92,5,0
8,3,0.65,0.7,9,0
15,4,0.53,0.89,10,0
0,5,0.34,0.14,10,0
23,5,0.85,0.75,4,0
4,4,0.29,0.27,16,1
11,0,0.43,0.98,16,1
2,0,0.2,0.36,8,0
23,6,0.05,0.21,16,1
4,0,0.26,0.91,8,0
17,1,0.19,0.57,5,0
12,4,0.24,0.5,0,0
13,0,0.3,0.21,0,0
14,5,0.98,0.14,0,1
3,0,0.19,0.67,0,0
20,5,0.17,0.98,19,1
18,6,0.17,0.27,3,0
1,3,0.55,0.57,4,0
3,4,0.86,0.33,5,1
3,4,0.06,0.81,13,0
22,6,0.33,0.77,2,0
2,4,0.32,0.99,5,0
23,2,0.36,0.87,13,0
20,2,0.11,0.33,2,0
20,5,0.25,0.36,16,1
15,4,0.22,0.22,8,0
23,5,0.33,0.58,9,0
6,5,0.27,0.26,2,0
23,0,0.19,0.01,0,0
7,6,0.8,0.09,5,0
2,0,0.13,0.12,10,0
7,2,0.37,0.19,1,0
18,6,0.75,0.98,2,0
16,6,0.02,0.17,14,0
3,5,0.13,0.6,2,0
13,0,0.93,0.05,5,1
8,1,0.16,0.5,5,0
22,4,0.59,0.52,6,0
5,6,0.38,0.38,2,0
7,5,0.91,0.22,15,1
4,0,0.83,0.43,6,1
2,0,0.41,0.22,6,0
6,5,0.1,0.82,16,1
4,5,0.13,0.01,0,0
18,1,0.1,0.04,16,1
5,0,0.65,0.16,15,0
23,0,0.3,0.53,18,1
5,6,0.51,0.3,18,1
15,6,0.89,0.95,9,0
23,3,0.29,0.2,6,0
5,2,0.74,0.87,19,1
12,3,0.13,0.26,9,0
11,5,0.14,0.75,2,0
12,3,0.84,0.08,13,1
7,4,0.37,0.85,3,0
15,0,0.14,0.39,19,1
13,6,0.54,0.33,16,1
7,1,0.14,0.04,16,1
16,4,0.24,0.93,0,0
6,4,0.95,0.89,1,0
11,5,0.39,0.5,8,0
16,0,0.78,0.57,14,0
8,2,0.15,0.67,7,0
13,6,0.6,0.91,12,0
23,6,0.45,0.7,13,0
9,2,0.3,0.76,9,0
22,6,0.49,0.84,4,0
22,1,0.39,0.97,13,0
15,1,0.19,0.65,13,0
19,1,0.06,0.68,1,0
10,2,0.81,0.93,13,0
13,3,0.12,0.11,1,0
4,5,0.24,0.5,2,0
15,1,0.38,0.09,3,0
1,1,0.69,0.31,10,0
13,2,0.71,0.09,7,0
20,1,0.13,0.77,6,0
5,0,0.88,0.72,1,0
13,0,0.19,0.63,11,0
5,1,0.64,0.92,10,0
2,3,0.29,0.36,18,1
2,3,0.24,0.52,14,0
8,2,0.05,0.49,17,1
16,6,0.72,0.7,7,0
6,2,0.38,0.29,0,0
0,2,0.08,0.69,13,0
18,4,0.85,0.77,10,0
9,1,0.4,0.65,5,0
1,5,0.11,0.37,7,0
10,0,0.12,0.74,8,0
20,3,0.29,0.2,3,0
6,0,0.15,0.45,7,0
14,4,0.79,0.76,5,0
9,5,0.89,0.4,2,1
8,2,0.66,0.04,4,0
4,4,0.23,0.04,18,1
6,6,0.68,0.26,20,1
8,2,0.1,0.62,1,0
6,3,0.77,0.5,15,0
9,0,0.07,0.83,4,0
18,2,0.55,0.56,8,0
13,5,0.46,0.75,8,0
13,4,0.61,0.52,15,0
6,4,0.88,0.7,3,0
4,6,0.23,0.69,17,1
0,4,0.81,0.31,8,1
12,6,0.02,0.26,4,0
13,6,0.15,0.73,5,0
1,0,0.6,0.92,17,1
12,0,0.61,0.82,15,0
1,1,0.07,0.16,17,1
13,5,0.32,0.72,19,1
4,2,0.6,0.19,18,1
19,4,0.38,0.86,10,0
3,3,0.88,0.2,5,1
6,4,0.66,0.97,5,0
17,5,0.65,0.85,11,0
2,0,0.22,0.31,10,0
16,6,0.06,0.57,10,0
22,3,0.66,0.65,0,0
20,6,1.0,0.35,12,1
10,4,0.05,0.98,7,0
13,5,0.88,0.83,10,0
11,2,0.01,0.33,3,0
12,6,0.66,0.77,14,0
14,3,0.18,0.03,7,0
22,6,0.31,0.43,5,0
23,6,0.72,0.66,5,0
11,2,0.07,0.32,19,1
15,5,0.56,0.56,7,0
7,2,0.52,0.93,14,0
14,0,0.46,0.35,8,0
11,3,0.65,0.03,8,0
9,1,0.69,0.15,20,1
1,0,0.17,0.31,15,0
1,6,0.54,0.44,14,0
9,5,0.28,0.79,5,0
15,4,0.08,0.52,10,0
8,6,0.68,0.11,13,0
22,5,0.15,0.66,0,0
22,0,0.39,0.04,3,0
16,1,0.68,0.35,17,1
7,4,0.45,0.69,4,0
9,6,0.05,1.0,20,1
8,3,0.4,0.95,13,0
20,5,0.13,0.46,14,0
18,0,0.89,0.13,12,1
21,3,0.77,0.9,16,1
18,3,0.71,0.96,18,1
22,2,0.8,0.66,10,0
21,6,0.76,0.37,13,1
10,0,0.34,0.5,12,0
0,1,0.03,0.45,0,0
12,2,0.75,0.15,7,0
5,4,0.53,0.42,3,0
16,3,0.52,0.31,14,0
14,5,0.59,0.31,0,0
23,6,0.55,0.09,0,0
5,0,0.13,0.83,3,0
19,0,0.09,0.32,15,0
17,0,0.32,0.04,14,0
16,3,0.1,0.57,16,1
14,6,0.4,0.41,10,0
15,5,0.2,0.88,14,0
20,5,0.8,0.2,11,0
16,0,0.75,0.65,0,0
16,6,0.55,0.7,18,1
8,0,0.97,0.06,5,1
20,4,0.28,0.22,12,0
6,0,0.28,0.61,5,0
23,3,0.97,0.29,10,1
13,5,0.66,0.82,4,0
5,3,0.95,0.14,4,1
1,2,0.15,0.25,17,1
8,6,0.11,0.53,20,1
11,2,0.38,0.81,11,0
1,3,0.83,0.7,4,0
18,4,0.74,0.91,9,0
17,5,0.39,0.28,13,0
16,1,0.71,0.99,16,1
9,0,0.47,0.38,9,0
11,1,0.9,0.2,13,1
16,2,0.18,0.37,14,0
12,5,0.22,0.3,9,0
6,1,0.97,0.05,18,1
15,0,0.58,0.45,17,1
23,5,0.69,0.81,18,1
21,5,0.39,0.92,9,0
22,2,0.12,0.03,7,0
16,3,0.2,0.27,3,0
5,0,0.51,0.33,17,1
19,3,0.2,0.42,1,0
2,3,0.24,0.57,2,0
16,5,0.51,0.35,5,0
19,1,0.24,0.82,7,0
7,1,0.31,0.76,3,0
21,0,0.79,0.17,5,1
2,0,0.03,0.92,3,0
23,3,0.51,0.19,2,0
12,3,0.97,0.24,16,1
21,3,0.5,0.32,6,0
0,6,0.92,0.9,11,0
16,5,0.5,0.17,4,0
8,4,0.34,0.99,11,0
9,5,0.27,0.04,5,0
6,5,0.23,0.61,1,0
14,6,0.74,0.4,18,1
0,3,0.81,0.54,10,0
7,1,0.57,0.92,16,1
10,3,0.02,0.83,3,0
2,4,0.97,0.35,16,1
13,1,0.73,0.21,1,0
12,2,0.31,0.31,14,0
17,0,0.76,0.58,1,0
20,3,0.96,0.54,18,1
20,6,0.65,0.75,3,0
7,1,0.33,0.26,4,0
13,5,0.77,0.26,16,1
3,3,0.92,0.76,10,0
10,3,0.22,0.67,6,0
8,2,0.01,0.41,14,0
19,3,0.62,0.71,9,0
11,6,0.76,0.61,1,0
7,0,0.16,0.25,19,1
17,0,0.4,0.95,13,0
14,6,0.41,0.48,15,0
7,6,0.03,0.63,10,0
4,0,0.35,0.19,6,0
20,4,0.22,0.21,6,0
6,1,0.29,0.37,7,0
17,4,0.68,0.38,12,0
10,2,0.34,0.59,18,1
23,3,0.35,0.73,1,0
22,0,0.69,0.34,16,1
11,2,0.55,0.57,16,1
10,3,0.58,0.81,18,1
20,1,0.75,0.12,8,0
14,2,0.39,0.75,5,0
16,6,0.77,0.54,0,0
13,6,0.49,0.29,3,0
18,5,0.38,0.81,18,1
8,5,0.34,0.33,14,0
3,3,0.06,0.44,12,0
13,3,0.4,0.13,10,0
4,6,0.71,0.66,4,0
21,0,0.47,0.25,13,0
6,2,0.26,0.67,19,1
15,0,0.54,0.57,18,1
4,4,1.0,0.28,5,1
10,1,0.51,0.68,5,0
5,5,0.58,0.28,9,0
2,0,0.9,0.68,20,1
14,0,0.18,0.84,3,0
2,6,0.64,0.12,5,0
15,5,0.65,0.61,9,0
15,0,0.73,0.95,10,0
17,5,0.69,0.24,4,0
8,0,0.33,0.65,2,0
9,0,0.34,0.98,3,0
2,3,0.78,0.15,15,0
1,5,0.88,0.43,20,1
15,6,0.69,0.83,9,0
14,6,0.81,0.47,9,1
13,6,0.94,0.16,1,1
20,4,0.09,0.29,20,1
9,3,0.15,0.7,9,0
3,5,0.88,0.78,15,0
20,6,0.29,0.81,4,0
20,6,0.67,0.54,7,0
0,5,0.79,0.03,8,0
1,0,0.9,0.77,7,0
14,6,0.92,0.31,10,1
5,4,0.27,0.07,2,0
4,2,0.81,0.46,0,1
5,5,0.54,0.94,8,0
21,3,0.34,0.63,5,0
1,5,0.17,0.39,9,0
2,0,0.29,0.46,5,0
5,6,0.46,0.01,5,0
15,3,0.08,0.42,14,0
19,3,0.6,0.23,16,1
12,5,0.49,0.24,6,0
3,0,0.18,0.63,1,0
18,0,0.39,0.2,2,0
22,3,0.51,0.48,2,0
4,4,0.39,0.63,16,1
10,1,0.31,0.68,17,1
15,2,0.66,0.73,18,1
11,4,0.78,0.79,10,0
4,6,0.54,0.82,15,0
4,2,0.46,0.1,12,0
7,6,0.92,0.95,8,0
23,5,0.2,0.18,1,0
23,1,0.18,0.57,18,1
7,4,0.88,0.97,1,0
2,4,0.12,0.28,0,0
13,1,0.66,0.81,14,0
12,4,0.57,0.82,8,0
11,1,0.21,0.75,12,0
0,3,0.41,0.01,5,0
19,5,0.72,0.3,15,0
10,2,0.29,0.53,16,1
23,0,0.62,0.76,5,0
18,2,0.49,0.73,12,0
2,2,0.55,0.53,13,0
7,2,0.5,0.34,14,0
3,0,0.85,0.87,15,0
4,6,0.62,0.01,8,0
20,6,0.21,0.56,3,0
18,3,0.76,0.52,19,1
6,1,0.71,0.13,10,0
23,6,0.98,0.48,3,1
11,6,0.84,0.43,13,1
12,6,0.84,0.01,15,1
5,6,0.7,0.25,6,0
6,6,0.84,0.81,2,0
17,5,1.0,0.57,4,0
15,1,0.12,0.92,1,0
8,3,0.92,0.62,16,1
18,4,0.9,0.44,1,1
17,0,0.64,0.38,4,0
16,0,0.82,0.54,7,0
23,3,0.12,0.16,2,0
7,4,0.75,0.26,9,0
15,5,0.93,0.32,1,1
2,5,0.2,0.38,13,0
9,6,0.41,0.49,13,0
0,4,0.91,0.73,3,0
16,4,0.98,0.36,4,1
9,2,0.28,0.01,17,1
15,4,0.68,0.15,14,0
15,3,0.62,0.85,10,0
22,2,0.18,0.88,7,0
18,3,0.51,0.15,17,1
12,5,0.07,0.58,18,1
18,0,0.43,0.99,14,0
20,4,0.11,0.93,18,1
9,4,0.05,0.07,18,1
16,4,0.05,0.0,13,0
10,4,0.33,0.02,17,1
20,1,0.04,0.9,18,1
15,2,0.33,0.01,5,0
17,1,0.42,0.76,6,0
3,5,0.84,0.88,15,0
13,2,0.07,0.43,1,0
20,0,0.27,0.67,5,0
8,2,0.99,0.72,1,0
14,3,0.4,0.68,16,1
14,3,0.04,0.85,4,0
9,0,0.87,0.15,8,1
22,2,0.72,0.45,6,0
11,6,0.43,0.39,8,0
3,1,0.27,0.27,14,0
17,6,0.31,0.13,5,0
19,4,0.56,0.53,12,0
11,1,0.11,0.98,5,0
23,1,0.16,0.6,15,0
21,5,0.77,0.67,17,1
4,5,0.04,0.24,6,0
19,0,0.7,0.74,6,0
21,0,0.95,0.83,13,0
10,5,0.6,0.31,0,0
11,6,0.15,0.67,14,0
9,5,0.06,0.25,15,0
7,0,0.65,0.8,16,1
10,5,0.17,0.6,17,1
0,5,0.73,0.38,11,0
12,1,0.3,0.15,18,1
6,4,0.11,1.0,0,0
19,4,0.89,0.99,16,1
22,3,0.6,0.96,6,0
12,3,0.51,0.1,10,0
10,2,0.82,0.61,2,0
5,0,1.0,0.36,0,1
13,5,0.03,0.14,11,0
13,1,0.14,0.51,18,1
16,3,0.78,0.53,2,0
9,0,0.38,0.51,20,1
21,4,0.03,0.89,3,0
3,0,0.38,0.45,11,0
13,1,0.37,0.59,5,0
12,4,0.06,0.72,1,0
6,6,0.56,0.97,16,1
19,2,0.34,0.85,15,0
16,6,0.31,0.87,8,0
5,2,0.53,0.15,15,0
9,4,0.7,0.91,16,1
21,1,0.26,0.06,12,0
20,5,0.07,0.53,5,0
17,0,0.98,0.39,20,1
18,0,0.64,0.4,16,1
8,0,0.72,0.77,1,0
17,0,0.81,0.51,20,1
17,3,0.32,0.09,20,1
3,4,0.41,0.72,16,1
22,3,0.0,0.06,2,0
9,5,0.12,0.51,6,0
17,4,0.53,0.46,13,0
0,3,0.31,0.43,6,0
5,4,0.33,0.4,17,1
21,6,0.33,0.49,16,1
10,4,0.04,0.46,13,0
9,6,0.51,0.11,2,0
4,4,0.51,0.11,20,1
22,5,0.83,0.57,6,0
17,5,0.15,0.11,20,1
14,1,0.26,0.39,16,1
12,2,0.59,0.71,16,1
19,2,0.4,0.9,20,1
1,2,0.28,0.32,2,0
9,3,0.41,0.28,17,1
11,0,0.56,0.1,0,0
1,5,0.78,0.05,13,0
22,6,0.38,0.82,6,0
6,0,0.15,0.62,8,0
1,4,0.66,0.68,12,0
15,4,0.88,0.71,17,1
2,6,0.73,0.29,20,1
5,6,0.71,0.58,5,0
20,0,0.89,0.28,1,1
22,0,0.42,0.3,17,1
2,6,0.02,0.55,0,0
0,0,0.65,0.3,8,0
4,2,0.11,0.58,3,0
19,1,0.21,0.58,2,0
3,0,0.67,0.6,9,0
13,4,0.09,0.66,18,1
7,2,0.83,0.43,2,1
23,3,0.14,0.67,14,0
23,5,0.53,0.31,3,0
0,5,0.84,0.86,16,1
13,6,0.3,0.11,18,1
1,0,0.92,0.77,5,0
10,1,0.2,0.29,16,1
6,4,0.65,0.42,10,0
15,4,0.16,0.38,7,0
1,5,0.52,0.99,12,0
3,2,0.65,0.44,17,1
11,6,0.56,1.0,0,0
18,5,0.79,0.43,4,0
13,2,0.75,0.53,19,1
4,6,0.83,0.43,6,1
11,4,0.6,0.15,2,0
19,1,0.75,0.67,5,0
11,0,0.41,0.84,6,0
16,1,0.14,0.35,16,1
19,5,0.54,0.04,15,0
15,6,0.81,0.91,13,0
4,0,0.28,0.06,17,1
11,0,0.27,0.24,12,0
16,5,0.58,0.38,11,0
8,3,0.49,0.38,18,1
13,1,0.36,0.38,6,0
0,4,0.11,0.35,17,1
5,5,0.08,0.4,6,0
1,3,0.3,0.81,18,1
11,3,0.06,0.61,18,1
21,5,0.92,0.22,8,1
16,4,0.15,0.22,10,0
21,2,0.08,0.42,9,0
4,6,0.73,0.97,3,0
20,5,0.63,0.07,10,0
15,5,0.92,0.74,8,0
2,1,0.29,0.46,10,0
9,6,0.71,0.51,6,0
20,4,0.9,0.23,19,1
23,5,0.34,0.84,6,0
19,3,0.8,0.87,15,0
16,0,0.99,0.33,20,1
16,1,0.23,0.43,15,0
13,1,0.8,0.15,10,0
22,4,0.82,0.69,9,0
8,1,0.24,0.09,18,1
10,6,0.19,0.95,0,0
23,4,0.73,0.45,12,0
3,0,0.52,0.82,15,0
4,1,0.18,0.38,7,0
23,4,0.55,0.72,10,0
1,3,0.29,0.96,2,0
6,3,0.68,0.23,9,0
21,2,0.99,0.22,14,1
10,3,0.94,0.86,17,1
4,2,0.07,0.46,6,0
19,5,0.71,0.92,7,0
1,2,0.69,0.18,5,0
2,3,0.68,0.97,11,0
11,3,0.93,0.88,4,0
0,6,0.4,0.12,3,0
7,0,0.3,0.96,6,0
20,4,0.78,0.51,17,1
16,1,0.9,0.95,4,0
12,2,0.38,0.03,17,1
20,5,0.03,0.42,9,0
5,4,0.04,0.86,19,1
4,0,0.96,0.72,1,0
13,4,0.85,0.56,8,0
3,1,0.8,0.9,4,0
2,0,0.89,0.83,5,0
7,5,0.56,0.68,2,0
5,4,0.02,0.37,3,0
4,5,0.75,0.74,14,0
13,3,0.52,0.9,13,0
1,3,0.99,0.2,5,1
7,0,0.36,0.19,17,1
4,0,0.82,0.2,18,1
22,6,0.86,0.01,18,1
22,0,0.53,0.14,4,0
20,5,0.07,0.9,16,1
19,3,0.28,0.57,15,0
3,1,0.47,0.41,2,0
4,6,0.34,0.27,2,0
19,5,0.47,0.67,8,0
8,5,0.07,0.92,20,1
1,1,0.96,0.45,1,1
19,0,0.26,0.94,8,0
2,6,0.86,0.12,9,1
12,6,0.72,0.1,17,1
0,6,0.28,0.66,0,0
20,0,0.43,0.82,19,1
7,2,0.92,0.7,15,0
10,5,0.5,0.31,1,0
18,6,0.89,0.92,13,0
23,4,0.57,0.46,14,0
21,3,0.46,0.56,15,0
22,0,0.07,0.68,3,0
8,6,0.65,0.03,7,0
10,2,0.43,0.64,13,0
22,1,0.85,0.94,20,1
19,4,0.19,0.54,0,0
19,6,0.55,0.24,8,0
15,4,0.25,0.64,11,0
3,5,0.68,0.65,11,0
7,2,0.69,0.71,11,0
22,5,0.14,0.99,11,0
20,0,0.17,0.89,18,1
13,0,0.82,0.27,20,1
22,4,0.23,0.56,20,1
23,4,0.41,0.9,15,0
2,3,0.82,0.07,7,1
15,4,0.72,0.96,9,0
18,5,0.14,0.32,15,0
12,4,0.39,0.53,2,0
20,0,0.99,0.76,17,1
3,1,0.91,0.2,3,1
16,1,0.14,0.18,0,0
1,1,0.96,0.75,12,0
1,6,0.15,0.43,2,0
11,4,0.76,0.23,9,0
18,4,0.71,0.44,20,1
7,6,0.17,0.09,2,0
18,0,0.07,0.55,8,0
0,5,0.55,0.24,12,0
17,3,0.02,0.44,15,0
7,5,0.69,0.28,20,1
20,5,0.32,0.1,13,0
13,5,0.79,0.51,3,0
18,4,0.73,0.29,4,0
1,3,0.77,0.66,11,0
23,0,0.4,0.44,15,0
3,6,0.76,0.58,1,0
12,4,0.02,0.63,9,0
20,4,0.26,0.83,16,1
21,1,0.38,0.16,2,0
14,3,0.53,0.67,1,0
13,2,0.17,0.69,17,1
12,3,0.98,0.37,6,1
18,2,0.73,0.27,4,0
13,2,0.83,0.83,15,0
20,4,0.33,0.99,18,1
14,3,0.88,0.95,4,0
7,6,0.37,0.07,17,1
4,4,0.96,0.12,15,1
17,6,0.12,0.46,13,0
8,4,0.3,0.72,2,0
16,2,0.37,0.25,1,0
15,1,0.76,0.25,7,0
19,1,0.45,0.29,5,0
1,6,0.59,0.92,4,0
14,0,0.21,0.47,13,0
1,6,0.25,0.24,0,0
1,2,0.12,0.51,15,0
13,1,0.13,0.86,20,1
4,0,0.09,0.47,1,0
2,3,0.6,0.3,2,0
14,4,0.51,0.71,6,0
21,4,0.38,0.48,15,0
5,0,0.66,0.92,16,1
16,6,0.88,0.11,1,1
17,1,0.11,0.01,0,0
11,1,0.77,0.06,8,0
8,2,0.14,0.36,17,1
1,6,0.59,0.4,4,0
21,1,0.3,0.83,16,1
15,6,0.86,0.45,2,1
2,0,0.29,0.55,4,0
12,1,0.3,0.48,7,0
21,0,0.71,0.12,11,1
18,0,0.39,0.3,9,0
4,1,0.0,0.46,9,0
17,4,0.94,0.48,2,1
8,3,0.68,0.41,18,1
21,2,0.34,0.65,4,0
5,6,0.47,0.93,19,1
15,0,0.46,0.52,12,0
20,6,0.15,0.05,17,1
17,6,0.86,0.95,16,1
7,5,0.05,0.37,19,1
23,4,0.99,0.14,9,1
4,5,0.23,0.4,9,0
2,3,0.73,0.56,3,0
7,5,0.33,0.67,12,0
0,5,0.96,0.19,7,1
4,5,0.64,0.58,18,1
21,1,0.2,0.83,14,0
10,1,0.01,0.57,19,1
13,0,0.14,0.32,1,0
2,0,0.78,0.67,18,1
3,6,0.18,0.98,4,0
10,4,0.2,0.31,7,0
5,5,0.49,0.66,20,1
20,1,0.77,0.06,8,0
15,4,0.23,0.01,5,0
8,6,0.37,0.91,7,0
15,6,0.9,0.72,19,1
4,5,0.13,0.03,18,1
20,4,0.0,0.05,10,0
17,2,0.99,0.43,13,1
14,5,0.95,0.76,16,1
10,1,0.77,0.45,15,0
2,1,0.11,0.52,17,1
13,4,0.38,0.04,20,1
6,2,0.71,0.9,14,0
0,1,0.67,0.79,14,0
12,1,0.18,0.55,19,1
14,3,0.87,0.48,15,1
5,3,0.36,0.77,17,1
16,1,0.18,0.63,6,0
7,1,0.09,0.18,3,0
11,4,0.34,0.96,16,1
8,0,0.4,0.92,17,1
6,5,0.66,0.62,11,0
14,0,0.11,0.56,11,0
22,4,0.26,0.33,13,0
21,5,0.2,0.92,3,0
14,4,0.19,0.23,5,0
18,3,0.15,0.78,9,0
15,6,0.38,0.43,5,0
8,3,0.33,0.83,14,0
7,4,0.74,0.7,12,0
13,6,0.63,0.4,5,0
15,2,0.04,0.49,14,0
21,5,0.39,0.86,7,0
12,2,0.51,0.84,12,0
0,3,0.51,0.99,3,0
19,3,0.84,0.13,7,1
13,3,0.84,0.41,3,1
6,0,0.75,0.87,10,0
0,4,0.25,0.12,8,0
15,2,0.44,0.88,6,0
4,5,0.99,0.36,9,1
5,3,0.82,0.51,3,0
17,5,0.03,0.53,15,0
21,0,0.62,0.88,8,0
12,1,0.57,0.27,2,0
14,2,0.63,0.74,19,1
17,5,0.4,0.31,5,0
23,4,0.45,0.37,6,0
15,1,0.34,0.6,20,1
12,1,0.03,0.66,1,0
9,6,0.78,0.54,12,0
7,0,0.64,0.59,17,1
2,2,0.15,0.52,14,0
7,3,0.24,0.7,6,0
9,4,0.6,0.21,3,0
2,0,0.19,0.09,8,0
1,2,0.8,0.46,17,1
1,0,0.18,0.39,10,0
9,1,0.66,0.9,3,0
9,0,0.48,0.64,0,0
22,2,0.31,0.88,9,0
17,4,0.18,0.29,0,0
22,5,0.71,0.21,8,1
19,0,0.55,0.99,11,0
17,1,0.69,0.07,1,0
1,3,0.76,0.93,2,0
19,5,0.92,0.95,13,0
6,5,0.48,0.91,12,0
20,1,0.14,0.58,9,0
9,1,0.18,0.74,11,0
8,0,0.42,0.2,13,0
6,4,0.21,0.86,10,0
13,0,0.64,0.77,14,0
23,4,0.82,0.19,6,1
7,1,0.69,0.9,9,0
0,4,0.2,0.19,4,0
7,0,0.68,0.35,9,0
2,6,0.82,0.04,5,1
6,6,0.72,0.3,4,0
9,6,0.22,0.51,12,0
23,3,0.7,0.61,2,0
13,4,0.85,0.27,6,1
20,0,0.58,0.83,4,0
8,0,0.96,0.69,8,0
18,3,0.35,0.2,15,0
23,4,0.6,0.81,5,0
22,1,0.67,0.67,5,0
22,5,0.46,0.32,20,1
16,2,0.46,0.72,3,0
23,6,0.51,0.78,5,0
8,1,0.55,0.45,10,0
14,1,0.55,0.99,18,1
3,6,0.48,0.16,16,1
6,4,0.54,0.41,2,0
5,5,0.36,0.1,20,1
9,0,0.08,0.53,7,0
0,3,0.12,0.35,14,0
5,0,0.95,0.24,10,1
10,6,0.46,0.71,20,1
15,2,0.84,0.86,0,0
15,6,0.8,0.45,14,0
22,3,0.47,0.41,15,0
11,3,0.63,0.53,5,0
14,3,0.29,0.06,4,0
23,2,0.47,0.44,19,1
21,1,0.13,0.83,19,1
19,5,0.02,0.76,20,1
19,2,0.02,0.65,2,0
18,4,0.41,0.44,4,0
3,3,0.3,0.61,19,1
11,0,0.19,0.06,9,0
15,2,0.12,0.18,16,1
0,3,0.28,0.82,20,1
10,6,0.38,0.63,15,0
21,5,0.55,0.51,18,1
12,1,0.62,0.47,5,0
23,4,0.46,0.36,9,0
9,6,0.73,0.98,20,1
11,2,0.72,0.88,8,0
9,2,0.84,0.02,13,1
0,2,0.09,0.86,11,0
22,3,0.97,0.25,20,1
12,1,0.28,0.25,1,0
21,6,0.93,0.31,17,1
5,3,0.91,0.51,1,0
5,5,0.52,0.23,17,1
14,5,0.93,0.4,16,1
19,5,0.08,0.06,11,0
11,6,0.03,0.55,1,0
2,3,0.96,0.66,19,1
12,3,0.24,0.44,8,0
6,1,0.25,0.13,5,0
21,1,0.96,0.8,17,1
19,6,0.92,0.62,7,0
12,5,0.18,0.43,13,0
21,4,0.63,0.14,18,1
21,4,0.83,0.33,0,1
3,1,0.01,0.19,0,0
17,4,0.18,0.92,14,0
18,5,0.46,0.53,7,0
21,1,0.71,0.55,7,0
17,3,0.0,0.67,20,1
1,2,0.15,0.26,7,0
3,3,0.28,0.78,6,0
1,2,0.45,0.27,3,0
19,0,0.88,0.9,6,0
17,0,0.15,0.25,20,1
8,6,0.16,0.75,1,0
7,0,0.21,0.88,0,0
14,4,0.34,0.63,19,1
18,2,0.6,0.78,17,1
4,0,0.76,0.98,2,0
17,4,0.19,0.28,1,0
10,4,0.99,0.01,9,1
10,5,0.53,0.14,17,1
6,3,0.9,0.67,17,1
12,3,0.45,0.27,0,0
6,2,0.37,0.68,8,0
21,2,0.72,0.68,11,0
17,1,0.73,0.61,4,0
2,0,0.84,0.07,6,1
13,5,0.42,0.54,13,0
0,5,0.23,0.93,6,0
11,2,0.54,0.54,20,1
16,1,0.88,0.08,0,1
8,3,0.25,0.21,8,0
0,1,0.15,0.6,7,0
6,1,0.63,0.72,9,0
0,4,0.03,0.14,5,0
8,5,0.33,0.16,9,0
20,6,0.82,0.68,11,0
18,4,0.46,0.78,16,1
18,3,0.06,0.22,7,0
20,6,0.35,0.13,16,1
16,4,0.95,0.38,1,1
22,0,0.31,0.5,0,0
6,3,0.93,0.45,13,1
18,3,0.35,0.85,3,0
21,6,0.14,0.34,0,0
7,2,0.66,0.22,18,1
22,5,0.66,0.33,17,1
6,5,0.5,0.42,9,0
8,4,0.18,0.76,6,0
7,5,0.79,0.36,6,0
7,3,0.52,0.44,15,0
9,4,0.19,0.14,1,0
2,0,0.61,0.8,20,1
10,6,0.04,0.67,13,0
11,2,0.81,0.78,0,0
12,6,0.96,0.01,11,1
14,6,0.22,0.97,5,0
22,2,0.77,0.83,2,0
14,5,0.89,0.91,17,1
7,2,0.5,0.17,0,0
0,0,0.5,0.64,12,0
23,0,0.97,0.38,16,1
7,0,0.96,0.97,18,1
5,6,0.15,0.49,0,0
21,2,0.56,0.41,9,0
16,5,0.56,0.8,12,0
22,5,0.79,0.43,6,0
2,1,0.4,0.77,9,0
6,4,0.89,0.78,1,0
19,3,0.27,0.67,14,0
0,5,0.98,0.61,18,1
16,6,0.9,0.25,17,1
19,4,0.65,0.8,6,0
10,0,0.33,0.14,3,0
23,2,0.07,0.15,1,0
2,3,0.91,0.29,4,1
0,1,0.58,0.44,7,0
13,6,0.74,0.66,11,0
10,0,0.05,0.47,3,0
17,4,0.48,0.72,6,0
13,4,0.58,0.37,5,0
12,1,0.46,0.85,5,0
15,3,0.29,0.36,6,0
21,1,0.65,0.77,6,0
0,4,0.28,0.83,17,1
19,5,0.46,0.17,10,0
20,6,0.58,0.69,6,0
8,1,0.27,0.17,11,0
0,0,0.97,0.1,4,1
16,3,0.37,0.24,16,1
5,6,0.59,0.72,14,0
23,4,0.13,0.26,10,0
8,1,0.8,0.35,0,0
22,2,0.46,0.92,1,0
2,0,0.52,0.91,2,0
1,1,0.08,0.74,8,0
22,3,0.21,0.48,5,0
22,5,0.77,0.89,9,0
7,3,0.26,0.4,17,1
3,0,0.53,0.85,3,0
0,3,0.79,0.95,17,1
2,0,0.09,0.35,2,0
16,3,0.8,0.81,10,0
3,6,0.27,0.48,6,0
19,4,0.29,0.08,0,0
9,3,0.02,0.74,13,0
5,0,0.68,0.39,6,0
18,2,0.3,0.19,15,0
2,0,0.34,0.99,12,0
12,4,0.39,0.39,11,0
0,5,0.64,0.33,20,1
13,2,0.94,0.19,17,1
21,6,0.47,0.72,14,0
2,6,0.46,0.76,19,1
8,4,0.92,0.84,2,0
5,6,0.39,0.55,10,0
8,5,0.5,0.94,20,1
5,0,0.09,0.21,19,1
18,0,0.44,0.72,3,0
5,3,0.4,0.68,15,0
4,2,0.17,0.04,0,0
12,3,0.75,0.68,9,0
17,3,0.04,0.93,0,0
15,1,0.07,0.59,3,0
19,3,0.41,0.04,6,0
23,2,0.92,0.64,12,0
22,5,0.13,0.99,20,1
0,4,0.14,0.3,9,0
1,2,0.74,0.73,7,0
14,4,0.6,0.74,16,1
6,4,1.0,0.47,12,1
8,6,0.37,0.12,10,0
13,2,0.04,0.67,19,1
5,3,0.9,0.11,14,1
19,4,0.17,0.85,20,1
14,6,0.69,0.4,2,0
13,0,0.77,0.88,19,1
14,1,0.72,0.53,0,0
1,0,0.17,0.85,6,0
21,4,0.93,0.17,10,1
4,1,0.36,0.87,11,0
11,5,0.18,0.08,11,0
11,5,0.34,0.4,9,0
12,6,0.29,0.82,8,0
15,4,0.21,0.56,10,0
12,3,0.08,0.2,15,0
4,6,0.12,0.28,0,0
6,3,0.73,0.54,6,0
14,0,0.23,0.72,4,0
6,1,0.22,0.09,5,0
3,4,0.78,0.77,5,0
12,1,0.76,0.8,7,0
16,1,0.44,0.02,10,0
14,4,0.98,0.65,12,0
7,0,0.1,0.61,9,0
2,4,0.77,0.85,11,0
17,3,0.85,0.09,19,1
13,6,0.44,0.31,10,0
1,1,0.58,0.21,20,1
23,0,0.47,0.34,15,0
3,5,0.91,0.16,18,1
21,1,0.07,0.09,19,1
13,5,0.98,0.69,8,0
11,3,0.93,0.65,16,1
23,4,0.95,0.63,15,0
9,0,0.8,0.84,12,0
9,0,0.01,0.22,12,0
19,1,0.62,0.9,8,0
13,3,0.47,0.57,7,0
14,0,0.88,0.32,13,1
11,0,0.47,0.78,11,0
8,0,0.45,0.2,16,1
18,5,0.74,0.9,12,0
16,4,0.31,0.18,9,0
1,1,0.94,0.45,0,1
4,6,0.5,0.94,7,0
12,6,0.38,0.41,9,0
17,6,0.93,0.11,17,1
5,1,0.81,0.01,1,1
23,4,0.81,0.94,14,0
5,6,0.26,0.02,16,1
16,4,0.75,0.27,18,1
17,2,0.48,0.09,2,0
1,0,0.75,0.93,17,1
12,1,0.01,0.08,20,1
14,3,0.48,0.06,2,0
6,3,0.23,0.29,11,0
4,5,0.59,0.95,12,0
13,0,0.9,0.02,1,1
12,6,0.32,0.22,12,0
14,1,0.86,0.46,9,1
12,4,0.69,0.05,0,0
16,0,0.73,0.45,19,1
10,2,0.47,0.38,14,0
17,0,0.7,0.57,0,0
14,5,0.26,0.64,10,0
18,4,0.78,0.82,8,0
19,6,0.03,0.98,11,0
2,4,0.9,0.43,18,1
16,1,0.31,0.45,6,0
3,6,0.12,0.99,17,1
7,3,0.87,0.44,1,1
15,5,0.82,0.09,1,1
18,2,0.54,0.01,14,0
14,3,0.71,0.03,14,0
18,5,0.84,0.86,3,0
5,2,0.87,0.68,2,0
11,6,0.8,0.21,15,0
21,4,1.0,0.86,2,0
13,6,0.12,0.3,20,1
3,4,0.03,0.01,9,0
17,2,0.07,0.1,0,0
19,2,0.94,0.39,10,1
20,6,0.59,0.19,15,0
14,4,0.56,0.55,20,1
20,5,0.97,0.15,15,1
22,1,0.15,0.89,5,0
7,5,0.92,0.06,14,1
7,2,0.34,0.61,17,1
17,6,0.33,0.08,9,0
15,2,0.97,0.4,19,1
13,2,0.89,0.17,19,1
10,0,0.96,0.17,7,1
7,3,0.57,0.54,8,0
0,5,0.3,0.68,15,0
16,5,0.93,0.01,16,1
4,2,0.32,0.03,4,0
9,0,0.0,0.11,5,0
15,5,0.34,0.76,1,0
12,3,0.72,0.91,16,1
16,4,0.82,0.68,16,1
2,3,0.48,0.93,0,0
19,3,0.69,0.73,20,1
5,0,0.63,0.42,11,0
0,0,0.81,0.28,18,1
19,3,0.72,0.06,12,0
10,4,0.02,0.5,12,0
9,4,0.99,0.58,7,0
17,3,0.83,0.04,3,1
11,5,0.1,0.15,8,0
16,6,0.23,0.36,3,0
8,2,0.55,0.81,16,1
2,0,0.16,0.55,10,0
4,4,0.12,0.23,14,0
7,3,0.93,0.74,12,0
10,5,0.92,0.03,6,1
12,5,0.79,0.45,2,0
2,1,0.4,0.61,12,0
16,3,0.48,0.39,9,0
14,3,0.45,0.35,4,0
14,5,0.03,0.89,6,0
13,2,0.93,0.98,3,0
18,6,0.67,0.35,6,0
16,6,0.31,0.19,3,0
3,4,0.84,0.41,15,1
13,5,0.03,0.55,8,0
16,1,0.94,0.62,13,0
16,0,0.58,0.14,6,0
10,3,0.38,0.75,14,0
8,0,0.72,0.17,11,0
8,5,1.0,0.62,6,0
6,1,0.11,0.37,17,1
9,1,0.4,0.19,20,1
16,5,0.15,0.68,7,0
8,5,0.4,0.25,6,0
10,4,0.15,0.87,7,0
0,1,0.57,0.55,15,0
23,2,0.06,0.38,7,0
7,6,0.37,0.87,4,0
10,1,0.68,0.43,5,0
5,4,0.36,0.12,5,0
5,2,0.61,0.44,0,0
23,0,0.25,0.95,4,0
11,3,0.86,0.11,11,1
8,6,1.0,0.04,4,1
1,1,0.21,0.19,6,0
14,1,0.55,0.4,5,0
0,4,0.73,0.54,11,0
18,2,0.77,0.17,19,1
15,3,0.1,0.14,3,0
0,3,0.46,0.48,4,0
3,6,0.5,0.06,5,0
0,6,0.88,0.09,2,1
2,3,0.7,0.32,1,0
14,6,0.59,0.58,15,0
20,1,0.04,0.22,11,0
19,2,0.24,0.0,15,0
3,1,0.76,0.61,5,0
4,0,0.86,0.84,11,0
14,0,0.18,0.45,1,0
12,3,0.75,0.08,13,0
20,0,0.01,0.7,10,0
21,3,0.29,0.91,1,0
23,1,0.74,0.23,2,1
3,0,0.67,0.23,6,0
4,2,0.52,0.92,20,1
10,1,0.21,0.13,5,0
11,3,0.87,0.15,18,1
1,4,0.07,0.9,12,0
16,5,0.39,0.18,1,0
3,3,0.52,0.39,6,0
0,3,0.12,0.73,11,0
20,0,0.34,0.4,3,0
1,2,0.87,0.74,8,0
16,5,0.93,0.3,9,1
8,1,0.74,0.38,16,1
18,1,0.39,0.51,12,0
17,1,0.81,0.82,18,1
8,1,0.45,0.42,6,0
16,0,0.83,0.34,20,1
5,6,0.63,0.57,15,0
5,4,0.65,0.46,20,1
22,1,0.36,0.37,4,0
22,0,0.63,0.99,20,1
3,4,0.02,0.24,20,1
9,5,0.5,0.2,17,1
2,1,0.24,0.26,15,0
21,1,0.36,0.66,0,0
17,1,0.51,0.16,10,0
7,1,0.66,0.51,8,0
11,1,0.78,0.35,3,0
0,0,0.32,0.51,0,0
15,5,0.5,0.59,20,1
8,5,0.08,0.03,15,0
13,3,0.67,0.24,14,0
20,0,0.96,0.9,17,1
5,6,0.28,0.68,18,1
18,1,0.77,0.06,17,1
9,4,0.58,0.46,19,1
19,1,0.8,0.71,1,0
0,1,0.9,0.53,1,0
18,0,0.33,0.62,19,1
16,2,0.73,0.12,0,0
10,6,0.52,0.93,11,0
19,3,0.8,0.09,10,0
9,5,0.68,0.07,20,1
20,1,0.14,0.5,16,1
2,1,0.19,0.58,20,1
16,1,0.49,0.41,6,0
18,2,0.14,0.95,4,0
16,1,0.36,0.33,6,0
5,4,0.13,0.93,18,1
21,6,0.34,0.62,3,0
8,3,0.88,0.45,13,1
8,4,0.8,0.68,11,0
20,3,0.63,0.8,9,0
1,0,1.0,0.36,5,1
20,5,0.06,0.56,11,0
15,2,0.18,0.33,7,0
16,5,0.17,0.78,4,0
17,2,0.28,0.48,11,0
12,0,0.62,0.01,2,0
17,4,0.15,0.91,13,0
10,0,0.07,0.05,7,0
4,2,0.94,0.01,8,1
15,0,0.87,0.93,20,1
5,4,0.86,0.97,17,1
18,6,0.38,0.09,18,1
16,2,0.27,0.95,2,0
17,1,0.19,0.95,7,0
23,4,0.27,0.74,7,0
15,5,0.73,0.78,6,0
15,3,0.35,0.69,6,0
19,4,0.55,0.73,16,1
21,5,0.16,0.13,5,0
21,2,0.01,0.8,3,0
7,2,0.61,0.23,6,0
17,1,0.63,0.52,9,0
12,1,0.0,0.35,12,0
4,5,0.75,0.27,3,0
10,6,0.08,0.51,5,0
2,5,0.72,0.68,4,0
15,0,0.01,0.12,17,1
11,1,0.86,0.17,13,1
23,0,0.96,0.33,20,1
7,4,0.05,0.25,18,1
18,1,0.78,0.39,18,1
3,4,0.23,0.98,15,0
12,4,0.84,0.23,6,1
0,1,0.64,0.68,18,1
10,2,0.15,0.2,4,0
16,4,0.37,0.31,15,0
13,6,0.54,0.19,7,0
11,0,0.86,0.79,10,0
21,3,0.64,0.81,4,0
7,1,0.34,0.06,1,0
21,2,0.29,0.62,8,0
7,4,1.0,0.83,20,1
10,0,0.7,0.89,6,0
12,0,0.66,0.0,14,0
6,5,0.99,0.93,14,0
18,6,0.42,0.65,6,0
11,5,0.87,0.21,17,1
10,3,0.96,0.12,14,1
5,3,0.17,0.75,0,0
19,4,0.83,0.33,6,1
16,2,0.51,0.06,13,0
20,1,0.18,0.21,3,0
13,2,0.27,0.15,14,0
7,0,0.69,0.35,16,1
18,2,0.23,0.14,13,0
12,3,0.52,0.01,3,0
17,2,0.86,0.61,6,0
14,2,0.29,0.57,10,0
8,4,0.87,0.2,1,1
20,2,0.5,0.58,14,0
20,1,0.76,0.61,6,0
10,4,0.37,0.53,8,0
22,2,0.86,0.43,11,1
11,6,0.44,0.78,11,0
1,1,0.33,0.01,12,0
12,1,0.71,0.87,8,0
11,4,0.53,0.39,15,0
16,5,0.77,0.77,3,0
10,0,0.1,0.24,1,0
21,4,0.02,0.81,11,0
17,3,0.08,0.73,13,0
2,4,0.54,0.61,16,1
0,1,0.09,0.03,12,0
10,2,0.77,0.27,14,0
6,4,0.54,0.2,16,1
22,4,0.9,0.51,9,0
4,6,0.42,0.52,4,0
3,1,0.15,0.17,9,0
9,3,0.86,0.05,13,1
1,1,0.94,0.02,17,1
23,6,0.71,0.38,0,1
4,5,0.32,0.14,3,0
12,1,0.12,0.6,13,0
21,1,0.66,0.84,17,1
13,6,0.32,0.49,2,0
12,4,0.35,0.57,19,1
4,3,0.67,0.35,9,0
19,4,0.55,0.64,18,1
23,0,0.27,0.7,11,0
0,5,0.8,0.44,8,0
17,2,0.81,0.16,13,1
14,4,0.48,0.02,14,0
2,1,0.52,0.98,6,0
2,2,0.33,0.15,4,0
9,1,0.73,0.83,1,0
3,0,0.54,0.88,8,0
22,0,0.82,0.41,5,1
14,5,0.78,0.53,7,0
16,3,0.51,0.81,16,1
17,3,0.13,0.86,10,0
23,4,0.19,0.61,0,0
9,6,0.13,0.39,11,0
22,3,0.71,0.47,17,1
19,6,0.47,0.61,11,0
9,1,1.0,0.78,16,1
13,2,0.15,0.14,20,1
9,4,0.54,0.02,8,0
10,3,0.32,0.49,9,0
19,2,0.72,1.0,18,1
22,2,0.14,0.57,4,0
9,4,0.44,0.96,0,0
9,3,0.85,0.38,5,1
21,2,0.99,0.06,18,1
18,5,0.74,0.6,19,1
3,5,0.39,0.41,13,0
20,6,0.61,0.7,15,0
5,5,0.86,0.37,9,1
23,0,0.52,0.52,4,0
13,2,0.46,0.4,3,0
5,0,0.62,0.94,0,0
6,1,0.07,0.25,4,0
12,1,0.33,0.71,3,0
3,3,0.23,0.16,8,0
21,4,0.69,0.24,17,1
12,1,0.97,0.52,2,0
16,4,0.46,0.26,9,0
15,3,0.54,0.41,0,0
23,1,0.46,0.24,11,0
3,3,0.72,0.14,19,1
0,1,0.3,0.49,10,0
20,1,0.26,0.47,11,0
2,0,0.93,0.65,6,0
5,2,0.85,0.57,14,0
9,0,0.6,0.58,1,0
8,2,0.71,0.15,19,1
10,3,0.49,0.42,8,0
19,5,0.97,0.47,6,1
19,6,0.71,0.96,14,0
15,6,0.86,0.18,9,1
5,4,0.95,0.7,7,0
1,4,0.1,0.42,4,0
19,3,0.25,0.11,18,1
19,1,1.0,0.57,2,0
0,2,0.37,0.91,8,0
20,4,0.34,0.35,14,0
6,2,0.48,0.01,20,1
8,5,0.69,0.34,16,1
15,6,0.82,0.98,6,0
13,0,0.66,0.49,5,0
3,3,0.75,1.0,19,1
18,2,0.81,0.89,3,0
5,0,0.86,0.57,14,0
20,2,0.72,0.55,18,1
9,3,0.01,0.26,16,1
17,5,0.44,0.75,12,0
5,5,0.21,0.55,4,0
1,6,0.3,0.79,17,1
1,3,0.41,0.34,13,0
22,1,0.82,0.45,19,1
2,0,0.63,0.85,15,0
13,6,0.72,0.91,7,0
1,6,0.02,0.09,20,1
18,3,0.76,0.85,12,0
4,4,0.38,0.28,16,1
8,0,0.78,0.76,10,0
15,5,0.16,0.17,6,0
10,5,0.98,0.62,9,0
22,1,0.92,0.94,0,0
14,3,0.33,0.52,6,0
22,2,0.75,0.92,9,0
5,6,0.36,0.89,13,0
8,6,0.41,0.76,19,1
19,1,0.75,0.52,4,0
12,4,0.79,0.3,12,0
12,2,0.01,0.36,9,0
16,1,0.61,0.15,11,0
20,6,0.16,0.89,1,0
17,6,0.95,0.71,16,1
3,4,0.82,0.66,16,1
20,4,0.28,0.85,13,0
10,3,0.93,0.93,18,1
20,5,0.74,0.66,10,0
10,4,0.97,0.22,10,1
12,4,0.18,0.57,18,1
5,2,0.92,0.1,7,1
18,1,0.2,0.12,11,0
11,1,0.51,0.09,17,1
16,0,0.23,0.32,17,1
15,6,0.84,0.27,19,1
7,2,0.99,0.83,15,0
12,2,0.22,0.14,0,0
9,6,0.84,0.82,19,1
19,3,0.9,0.44,4,1
4,1,0.87,0.45,0,1
0,2,0.19,0.84,16,1
14,1,0.48,0.43,14,0
3,4,0.59,0.76,20,1
15,6,0.67,0.36,3,0
5,6,0.04,0.37,1,0
17,0,0.55,0.84,4,0
22,0,0.01,0.99,20,1
18,2,0.62,0.78,6,0
21,6,0.56,0.43,15,0
13,3,0.74,0.69,1,0
18,1,0.08,0.1,9,0
0,5,0.9,0.84,14,0
10,4,0.1,0.2,15,0
1,0,0.16,0.86,19,1
5,4,0.09,0.53,19,1
18,5,0.04,0.27,7,0
1,3,0.44,0.5,12,0
0,6,0.17,0.03,18,1
6,1,0.56,0.84,7,0
4,0,0.61,0.05,9,0
23,2,0.48,0.32,20,1
21,3,0.92,0.71,19,1
21,3,0.87,0.35,4,1
6,1,0.69,0.71,4,0
10,2,0.99,0.37,15,1
3,4,0.89,0.04,7,1
13,3,0.61,0.07,15,0
15,4,0.15,0.68,11,0
6,0,0.4,0.01,7,0
16,0,0.72,0.74,3,0
0,1,0.18,0.16,6,0
11,1,0.62,0.89,0,0
2,1,0.42,0.37,13,0
11,0,0.02,0.8,16,1
8,4,0.32,0.38,5,0
12,2,0.01,0.97,0,0
9,3,0.34,0.17,8,0
20,6,0.6,0.71,18,1
11,0,0.09,0.48,9,0
12,5,0.14,0.64,11,0
11,0,0.27,0.36,4,0
0,2,0.32,0.58,0,0
9,0,0.8,0.47,0,0
22,3,0.5,0.75,10,0
6,2,0.92,1.0,17,1
13,4,0.97,0.39,3,1
21,0,0.49,0.41,9,0
22,6,0.75,0.21,16,1
3,2,0.35,0.8,4,0
14,2,0.58,0.34,14,0
19,6,0.51,0.88,6,0
19,1,0.41,0.28,6,0
1,1,0.35,0.56,1,0
14,5,0.08,0.31,0,0
10,1,0.88,0.21,15,1
19,0,0.96,0.21,13,1
13,5,0.6,0.81,0,0
14,2,1.0,0.32,7,1
5,5,0.59,0.88,12,0
15,6,0.55,0.34,10,0
21,6,0.21,0.01,15,0
13,2,0.12,0.12,18,1
11,2,0.65,0.25,2,0
23,1,0.63,0.12,4,1
10,1,0.71,0.25,17,1
11,3,0.85,0.58,9,0
4,0,0.72,0.7,16,1
3,2,0.84,0.06,5,1
23,0,0.41,0.88,16,1
10,3,0.91,0.44,1,1
16,1,0.85,0.15,18,1
5,0,0.92,0.33,4,1
14,0,0.68,0.51,2,0
6,0,0.79,0.04,3,0
17,5,0.97,0.34,12,1
16,4,0.26,0.87,12,0
20,6,0.42,0.67,19,1
4,2,0.76,0.75,17,1
14,4,0.53,0.7,15,0
6,5,0.01,0.1,8,0
5,6,0.65,0.53,3,0
23,4,0.21,0.65,11,0
16,5,0.9,0.15,10,1
21,3,0.21,0.45,9,0
2,5,0.13,0.68,19,1
21,4,0.91,0.13,12,1
10,2,0.96,0.24,7,1
12,2,0.9,0.53,10,0
21,3,0.75,0.17,8,1
15,3,0.9,0.28,15,1
4,3,0.93,0.64,7,0
8,0,0.45,0.16,4,0
12,0,0.13,0.49,6,0
17,4,0.46,0.29,2,0
1,6,0.46,0.54,19,1
21,0,0.61,0.78,4,0
9,2,0.38,0.41,20,1
17,4,0.78,0.77,19,1
19,5,0.95,0.45,6,1
23,0,0.02,0.23,16,1
1,0,0.62,0.81,4,0
20,1,0.85,0.29,9,1
20,5,0.04,0.07,2,0
12,2,0.56,0.22,13,0
1,0,0.87,0.94,9,0
21,3,0.82,0.72,12,0
12,4,0.8,0.23,9,0
1,0,0.99,0.34,6,1
1,3,0.91,0.68,14,0
10,0,0.91,0.15,1,1
4,5,0.77,0.1,1,0
21,6,0.49,0.01,5,0
7,3,0.77,0.72,19,1
15,3,0.53,0.94,20,1
20,3,0.43,0.24,13,0
7,4,0.52,0.73,9,0
3,2,0.23,0.93,15,0
14,4,0.65,0.69,6,0
5,3,0.4,0.69,6,0
10,6,0.86,0.34,0,1
20,5,1.0,0.6,10,0
10,1,0.78,0.76,9,0
0,1,0.89,0.49,11,1
18,4,0.96,0.16,5,1
19,0,0.5,0.15,1,0
23,4,0.7,0.49,15,0
16,5,0.06,0.53,8,0
18,6,0.32,0.41,0,0
0,0,0.02,0.74,4,0
17,3,0.41,0.32,12,0
4,4,0.74,0.18,20,1
21,0,0.82,0.72,6,0
14,3,0.89,0.59,11,0
12,5,0.1,0.15,19,1
5,0,0.75,0.0,15,0
7,6,0.05,0.25,0,0
0,6,0.76,0.1,0,0
6,6,0.84,0.74,15,0
12,0,0.47,0.96,9,0
19,5,0.11,0.64,7,0
1,2,0.43,0.68,0,0
12,5,0.98,0.79,12,0
15,3,0.2,0.83,4,0
1,6,0.5,0.94,7,0
0,2,0.99,0.83,4,0
11,0,0.33,0.94,15,0
14,1,0.13,0.4,4,0
2,4,0.87,0.04,14,1
19,0,0.99,0.52,11,0
14,0,0.16,0.09,8,0
10,4,0.76,0.86,11,0
7,0,0.49,0.74,18,1
18,3,0.57,0.09,4,0
9,3,0.89,0.81,20,1
12,0,0.9,0.1,7,1
12,5,0.31,0.27,10,0
15,6,0.06,0.65,14,0
7,5,0.39,0.73,4,0
21,1,0.03,0.59,18,1
4,0,0.4,0.78,8,0
6,4,0.07,0.41,16,1
20,3,0.35,0.37,11,0
6,0,0.92,0.9,16,1
21,3,0.17,0.44,20,1
8,2,0.48,0.9,3,0
5,6,0.26,0.65,4,0
11,3,0.57,0.86,1,0
13,2,0.45,0.73,9,0
8,1,0.37,0.8,4,0
23,0,0.72,0.8,4,0
12,6,0.04,0.48,5,0
14,0,0.6,0.86,8,0
4,0,0.34,0.19,19,1
10,1,0.28,0.52,12,0
17,0,0.51,0.06,17,1
4,4,0.78,0.23,2,0
13,1,0.48,0.89,9,0
13,6,0.43,0.97,1,0
20,1,0.26,0.91,12,0
17,5,0.77,0.17,19,1
18,1,0.12,0.93,4,0
16,1,0.95,0.69,14,0
19,0,0.47,0.92,18,1
8,0,0.57,0.37,9,0
15,1,0.87,0.61,9,0
1,5,0.43,0.31,8,0
17,5,0.63,0.09,2,0
23,5,0.31,0.66,3,0
9,3,0.16,0.67,13,0
13,6,0.42,0.16,7,0
7,0,1.0,0.25,3,1
14,2,0.24,0.51,11,0
10,4,0.7,0.53,20,1
3,2,0.12,0.25,7,0
11,5,0.62,0.4,4,0
15,4,0.48,0.27,17,1
19,1,0.93,0.41,0,1
14,1,0.36,0.17,7,0
2,6,0.17,0.95,1,0
22,2,0.81,0.19,20,1
17,6,0.06,0.83,11,0
0,4,0.96,0.54,1,0
13,0,0.93,0.89,12,0
2,2,0.88,0.09,1,1
22,2,0.24,0.29,3,0
22,0,0.24,0.84,5,0
6,6,0.87,0.75,12,0
15,5,0.08,0.08,5,0
9,4,0.81,0.52,14,0
22,0,0.62,0.23,14,1
13,0,0.22,0.03,9,0
5,3,0.67,0.21,8,0
17,6,0.91,0.76,19,1
21,5,0.05,0.95,11,0
17,4,0.48,0.66,9,0
15,4,0.88,0.49,19,1
15,1,0.22,0.03,5,0
21,6,0.47,0.91,5,0
3,5,0.31,0.89,18,1
20,1,0.55,0.89,18,1
13,1,0.01,0.41,5,0
21,4,0.09,0.54,5,0
2,2,0.4,0.39,6,0
18,0,0.08,0.21,4,0
23,0,0.68,0.24,17,1
7,4,0.62,0.0,5,0
11,3,0.41,0.81,2,0
2,5,0.56,0.57,17,1
9,1,0.37,0.81,2,0
4,3,0.79,0.24,11,0
4,1,0.67,0.33,6,0
5,5,0.23,0.56,13,0
5,0,0.05,0.98,12,0
9,6,0.82,0.43,8,1
22,3,0.03,0.12,12,0
18,0,0.96,0.82,20,1
6,4,0.95,0.57,11,0
23,3,0.45,0.61,9,0
4,5,0.84,0.28,18,1
7,0,0.65,0.03,2,0
6,6,0.62,0.73,7,0
1,3,0.52,0.89,4,0
21,1,0.15,0.94,9,0
16,4,0.98,0.84,6,0
1,6,0.38,0.63,9,0
6,4,0.16,0.05,20,1
16,1,0.65,0.76,18,1
4,3,0.96,0.99,17,1
16,5,0.81,0.92,19,1
0,4,0.79,0.32,2,0
5,2,0.09,0.91,5,0
3,0,0.21,0.86,6,0
22,1,0.29,0.75,4,0
6,1,0.0,0.54,8,0
9,6,0.42,0.15,4,0
15,3,0.57,0.41,1,0
15,3,0.09,1.0,14,0
1,3,0.28,0.09,16,1
8,2,0.68,0.3,5,0
0,4,0.24,0.17,19,1
12,0,0.66,0.67,8,0
12,6,0.37,0.42,13,0
13,3,0.62,0.71,10,0
20,1,0.15,0.52,0,0
8,3,0.45,0.65,20,1
9,1,0.98,0.01,2,1
0,5,0.74,0.1,7,0
13,0,0.99,0.2,15,1
23,4,0.64,0.43,6,0
12,6,0.02,0.46,0,0
16,3,0.93,0.95,8,0
0,4,0.59,0.52,4,0
0,6,0.75,0.58,15,0
17,1,0.53,0.96,9,0
6,2,0.89,0.04,6,1
22,3,0.49,0.66,8,0
2,0,0.08,0.48,0,0
10,5,0.29,0.21,5,0
5,4,0.67,0.87,12,0
8,3,0.14,0.27,20,1
17,3,0.81,0.77,7,0
13,5,0.63,0.91,11,0
16,2,0.35,0.12,12,0
22,4,0.57,0.93,16,1
16,1,0.77,0.09,9,0
22,4,0.92,0.48,2,1
15,2,0.47,0.43,20,1
12,2,0.35,0.63,12,0
5,5,0.37,0.56,5,0
13,3,0.22,0.53,2,0
14,4,0.53,0.71,7,0
22,2,0.22,0.61,3,0
5,0,0.06,0.07,8,0
5,3,0.98,0.8,0,0
19,4,0.06,0.86,14,0
18,0,0.35,0.35,12,0
18,4,0.12,0.54,20,1
12,2,0.8,0.19,16,1
12,1,0.99,0.74,16,1
8,5,0.6,0.46,14,0
5,3,0.87,0.19,19,1
10,2,0.9,0.23,4,1
16,0,0.87,0.19,4,1
20,1,0.39,0.79,15,0
10,1,0.87,0.64,16,1
19,0,0.58,0.55,20,1
15,0,0.32,0.55,14,0
18,0,0.99,0.51,18,1
10,0,0.39,0.92,17,1
19,6,0.22,0.36,18,1
23,1,0.7,0.5,15,0
12,5,0.79,0.14,13,0
14,6,0.08,0.84,19,1
23,1,0.87,0.56,7,0
13,1,0.76,0.42,7,0
11,4,0.79,0.67,4,0
7,6,0.89,0.83,14,0
9,6,0.7,0.33,12,0
14,5,0.57,0.57,13,0
0,6,0.3,0.65,19,1
3,3,0.22,0.3,12,0
21,5,0.51,0.96,6,0
14,4,0.02,0.21,19,1
1,0,0.16,0.68,2,0
17,2,0.35,0.38,7,0
19,5,0.57,0.14,11,0
7,0,0.47,0.27,12,0
13,2,0.17,0.11,15,0
3,6,0.17,0.01,3,0
15,0,0.68,0.16,12,0
16,0,0.24,0.72,1,0
11,0,0.8,0.92,7,0
15,0,0.39,0.74,16,1
21,0,0.19,0.04,20,1
8,5,0.21,0.77,6,0
1,5,0.55,0.67,17,1
16,2,0.12,0.3,2,0
15,3,0.2,0.07,15,0
15,6,0.57,0.54,16,1
1,3,0.12,0.32,18,1
3,3,0.06,0.84,5,0
8,6,0.77,0.43,1,0
12,3,0.8,0.31,13,0
7,1,0.18,0.94,13,0
6,1,0.04,0.4,13,0
11,1,0.55,0.21,17,1
14,1,0.06,0.3,7,0
22,0,0.93,0.47,19,1
9,5,0.12,0.48,16,1
8,3,0.32,0.73,17,1
3,2,0.43,0.87,8,0
19,0,0.03,0.97,20,1
23,6,0.06,0.93,7,0
2,0,0.58,0.19,13,0
3,1,0.3,0.42,16,1
21,5,0.18,0.28,5,0
13,0,0.78,0.97,12,0
6,6,0.48,0.5,13,0
14,1,0.03,0.25,9,0
21,5,0.23,0.75,11,0
6,2,0.82,0.88,15,0
1,4,0.17,0.09,20,1
15,2,0.34,0.63,0,0
19,1,0.7,0.89,16,1
10,1,0.38,0.84,19,1
14,6,0.69,0.71,3,0
20,2,0.18,0.93,1,0
4,5,0.37,0.1,11,0
20,3,0.74,0.41,19,1
23,2,0.03,0.92,3,0
17,6,0.54,0.05,7,0
6,3,0.69,0.77,4,0
20,5,0.89,0.35,6,1
2,1,0.61,0.26,1,0
22,6,0.76,0.61,19,1
20,2,0.04,0.76,10,0
19,5,0.09,0.65,7,0
18,2,0.67,0.45,6,0
1,0,0.07,0.1,6,0
0,6,0.57,0.62,4,0
9,0,0.24,0.81,3,0
9,2,0.87,0.42,8,1
12,1,0.14,0.11,1,0
18,4,0.82,0.47,7,1
15,6,0.83,0.5,4,0
21,6,0.99,0.6,0,0
6,3,0.89,0.56,3,0
6,0,0.45,0.79,10,0
13,2,0.43,0.37,12,0
3,5,0.28,0.12,2,0
3,3,0.46,0.24,13,0
0,3,0.15,0.58,5,0
9,3,0.79,0.28,8,0
23,6,0.52,0.36,5,0
20,0,0.34,0.87,1,0
4,5,0.7,0.77,18,1
19,5,0.73,0.55,1,0
5,4,0.94,0.66,7,0
15,0,0.39,0.46,20,1
15,3,0.59,0.44,3,0
20,2,0.23,0.69,15,0
10,4,0.19,0.97,19,1
1,4,0.78,0.96,1,0
9,4,0.51,0.52,20,1
17,2,0.37,0.67,5,0
6,1,0.07,0.56,12,0
12,5,0.67,1.0,15,0
13,3,0.68,0.08,19,1
14,6,0.34,0.6,11,0
12,4,0.92,0.48,17,1
12,6,0.22,0.41,17,1
10,1,0.78,0.56,17,1
17,3,0.94,0.55,12,0
14,4,0.19,0.13,11,0
18,1,0.18,0.53,9,0
23,1,0.19,0.69,8,0
5,6,0.47,0.52,9,0
12,2,0.36,0.81,20,1
20,3,0.19,0.99,13,0
12,0,0.16,0.19,11,0
22,2,0.85,0.98,13,0
17,3,0.65,0.18,5,0
6,2,0.61,0.97,19,1
19,6,0.17,0.26,19,1
12,3,0.97,0.57,10,0
13,5,0.22,0.03,7,0
2,0,0.55,0.27,8,0
19,1,0.73,0.98,8,0
14,6,0.15,0.03,15,0
5,5,0.98,0.99,4,0
7,4,0.67,0.77,10,0
7,6,0.44,0.64,4,0
23,3,0.44,0.69,11,0
1,5,0.99,0.97,16,1
5,5,0.7,0.08,7,0
11,3,0.76,0.4,6,0
0,2,0.21,0.68,0,0
0,4,0.58,0.82,10,0
7,3,0.99,0.52,20,1
9,6,0.05,0.82,14,0
21,6,0.96,0.49,12,1
0,3,0.83,0.08,9,1
0,0,0.28,0.56,18,1
2,6,0.55,0.6,3,0
23,4,0.67,0.91,11,0
19,2,0.3,0.23,6,0
22,3,0.63,0.89,20,1
11,2,0.49,0.73,11,0
10,2,0.87,0.15,15,1
14,5,0.95,0.92,17,1
10,2,0.62,0.39,16,1
3,3,0.59,0.34,3,0
5,6,0.31,0.64,16,1
9,6,0.34,0.68,20,1
5,5,0.95,0.94,6,0
18,4,0.09,0.85,0,0
21,3,0.63,0.65,4,0
12,4,0.3,0.27,3,0
10,4,0.12,0.46,19,1
16,1,0.09,0.96,11,0
6,3,0.15,0.52,5,0
15,1,0.29,0.67,9,0
22,3,0.39,0.92,3,0
12,0,0.51,0.7,5,0
11,3,0.6,0.38,8,0
1,2,1.0,0.87,0,0
8,0,0.97,0.83,0,0
23,3,0.62,0.62,16,1
8,5,0.51,0.38,14,0
23,1,0.58,0.54,4,0
10,4,0.1,0.83,3,0
23,6,0.57,0.32,3,0
20,6,0.44,0.97,6,0
3,0,0.31,0.51,0,0
1,4,0.89,0.31,18,1
13,5,0.72,0.84,14,0
12,4,0.62,0.54,20,1
16,6,0.78,0.5,2,0
2,5,0.1,0.75,9,0
20,6,0.42,0.73,20,1
18,5,0.37,0.22,15,0
17,4,0.46,0.12,16,1
12,1,0.28,0.01,4,0
13,5,0.33,0.01,7,0
7,6,0.96,0.95,12,0
10,0,0.85,0.31,16,1
6,3,0.28,0.26,2,0
18,3,0.91,0.54,6,0
5,6,0.57,0.25,1,0
19,5,0.49,0.45,7,0
14,2,0.59,0.42,10,0
10,1,0.49,0.72,16,1
0,5,0.4,0.73,8,0
7,4,0.23,0.56,13,0
17,0,0.21,0.36,8,0
11,0,0.3,0.6,4,0
19,5,0.37,0.2,5,0
23,6,0.19,0.52,17,1
20,1,0.3,0.78,5,0
23,2,0.38,0.74,19,1
22,2,0.92,0.0,5,1
23,3,0.35,0.13,1,0
18,4,0.94,0.54,4,0
7,4,0.7,0.42,0,0
1,3,0.33,0.55,19,1
1,1,0.2,0.4,3,0
10,6,0.77,0.68,16,1
10,5,0.33,0.79,2,0
23,2,0.46,0.93,12,0
11,5,0.82,0.39,3,1
8,5,0.03,0.71,12,0
16,2,0.12,0.63,15,0
23,5,0.96,0.66,10,0
14,1,0.33,0.05,4,0
19,5,0.61,0.48,5,0
2,2,0.54,0.97,9,0
1,1,0.71,0.52,8,0
23,5,0.26,0.08,20,1
17,4,0.82,0.64,12,0
6,5,0.75,0.35,15,0
8,5,1.0,0.01,14,1
1,2,0.7,0.46,20,1
20,1,0.47,0.86,14,0
0,5,0.06,0.1,4,0
2,0,0.9,0.13,16,1
10,3,0.25,0.82,5,0
22,5,0.95,0.34,18,1
19,2,0.11,0.28,13,0
0,6,0.81,0.45,6,1
20,1,0.8,0.5,11,0
6,0,0.61,0.32,16,1
0,5,0.18,0.06,18,1
4,2,0.04,0.88,0,0
18,5,0.23,0.93,7,0
12,6,0.83,0.64,18,1
5,3,0.27,0.22,0,0
14,0,0.52,0.2,6,0
1,6,0.22,0.88,9,0
6,4,0.32,0.47,13,0
17,1,0.47,0.48,3,0
16,5,0.41,0.7,5,0
22,2,0.36,0.19,12,0
11,4,0.79,0.26,20,1
13,2,0.48,0.8,13,0
16,6,0.43,0.51,16,1
8,1,0.24,0.47,11,0
10,1,0.42,0.19,17,1
8,1,0.35,0.69,11,0
10,6,0.64,0.58,12,0
8,2,0.95,0.2,14,1
7,4,0.04,0.18,12,0
1,5,0.34,0.88,17,1
19,4,0.95,0.68,13,0
6,6,0.06,0.69,14,0
2,2,0.41,0.15,13,0
22,1,0.35,0.51,2,0
8,1,0.92,0.42,6,1
19,0,0.9,0.33,16,1
21,4,0.93,0.3,18,1
22,2,0.24,0.84,7,0
5,6,0.12,0.91,1,0
4,5,0.49,0.88,2,0
16,0,0.23,0.9,3,0
12,3,0.55,0.23,12,0
13,5,0.38,0.26,5,0
14,1,0.61,0.17,2,0
13,3,0.18,0.97,16,1
21,5,0.06,0.49,12,0
12,3,0.4,0.98,13,0
19,5,0.4,0.67,12,0
2,3,0.72,0.5,15,0
3,3,0.54,0.44,9,0
6,0,0.94,0.87,0,0
15,0,0.56,0.64,9,0
3,6,0.94,0.79,11,0
5,3,0.53,0.44,4,0
1,4,0.87,0.64,3,0
8,6,0.84,0.04,12,1
19,4,0.46,0.83,1,0
12,6,0.14,0.72,18,1
12,4,0.44,0.48,10,0
15,2,0.92,0.27,2,1
14,2,0.22,0.42,18,1
14,2,0.92,0.29,5,1
1,2,0.07,0.56,17,1
22,1,0.58,0.29,1,0
7,1,0.02,0.91,6,0
9,1,0.96,0.32,10,1
15,3,0.5,0.28,0,0
10,1,0.34,0.32,2,0
13,0,0.77,0.42,18,1
19,5,0.98,0.83,0,0
22,3,0.81,0.68,13,0
15,4,0.21,0.08,9,0
18,4,0.5,0.08,10,0
3,6,0.9,0.35,18,1
10,0,0.73,0.33,15,0
13,1,0.15,0.7,7,0
22,2,0.31,0.29,5,0
10,1,0.98,0.02,17,1
21,0,0.26,0.47,0,0
4,2,1.0,0.95,18,1
22,2,0.78,0.04,10,1
8,4,0.38,0.86,8,0
2,3,0.53,0.92,11,0
23,5,0.27,0.96,17,1
17,6,0.03,0.42,7,0
2,6,0.84,0.53,18,1
8,0,0.46,0.76,1,0
15,3,0.18,0.29,15,0
20,5,0.28,0.74,7,0
9,4,0.83,0.11,16,1
4,2,0.42,0.27,4,0
15,3,0.09,0.1,11,0
21,0,0.35,0.84,17,1
20,4,0.4,0.45,0,0
14,5,0.64,0.77,16,1
1,6,0.62,0.04,19,1
18,0,0.72,0.37,6,0
23,0,0.0,0.11,6,0
20,6,0.34,0.5,12,0
3,3,0.7,0.05,15,0
1,2,0.1,0.15,8,0
18,6,0.1,0.09,17,1
18,2,0.33,0.92,13,0
14,3,0.01,0.19,13,0
15,4,0.52,0.47,7,0
12,1,0.77,0.0,13,0
2,4,0.04,0.89,0,0
16,2,0.95,0.19,4,1
5,3,0.86,0.83,4,0
4,3,0.59,0.53,7,0
2,6,0.5,0.64,19,1
15,5,0.09,0.33,0,0
21,4,0.96,0.57,9,0
15,1,0.71,0.69,8,0
22,5,0.85,0.01,3,1
0,3,0.23,0.63,6,0
1,0,0.11,0.19,11,0
22,4,0.0,0.74,11,0
10,6,0.68,0.6,3,0
14,3,0.66,0.74,8,0
13,1,0.32,0.86,0,0
10,5,0.31,0.53,1,0
7,1,0.62,0.67,17,1
18,1,0.26,0.82,13,0
21,6,0.62,0.1,16,1
23,0,0.86,0.64,13,0
16,3,0.29,0.47,1,0
8,5,0.21,0.79,6,0
13,4,0.69,0.2,15,0
2,3,0.88,0.28,19,1
14,4,0.13,0.36,10,0
22,2,0.94,0.85,19,1
3,2,0.46,0.26,14,0
0,6,0.34,0.09,17,1
21,2,0.45,0.08,7,0
20,4,0.58,0.57,14,0
13,2,0.94,0.18,12,1
1,3,0.8,0.94,1,0
14,4,0.46,0.04,4,0
23,3,0.23,0.31,17,1
0,2,0.93,0.77,8,0
8,5,0.21,0.73,6,0
7,0,0.27,0.65,12,0
4,4,0.73,0.97,19,1
8,6,0.83,0.11,7,1
22,3,0.71,0.83,19,1
4,5,0.36,0.89,17,1
0,2,0.16,0.96,2,0
13,3,0.93,0.34,12,1
12,5,0.64,0.59,13,0
20,4,0.84,0.75,0,0
5,2,0.93,0.36,6,1
0,1,0.9,0.18,3,1
17,2,0.85,0.65,12,0
22,0,0.53,0.2,3,0
6,0,0.86,0.16,20,1
3,6,0.41,0.96,10,0
0,0,0.52,0.73,12,0
17,1,0.59,0.57,3,0
13,1,0.51,0.82,1,0
21,3,0.52,0.75,4,0
22,5,0.96,0.55,16,1
17,0,0.62,0.94,20,1
21,5,0.85,0.89,10,0
14,5,0.6,0.48,12,0
8,1,0.63,0.56,8,0
21,2,0.41,0.31,18,1
0,1,0.3,0.87,17,1
16,2,0.71,0.94,3,0
13,4,0.16,0.23,14,0
1,4,0.23,0.95,14,0
2,4,0.41,0.87,11,0
5,4,0.11,0.46,17,1
19,3,0.16,0.22,4,0
5,6,0.46,0.47,11,0
8,2,0.91,0.24,3,1
11,0,0.47,0.82,11,0
20,0,0.08,0.44,17,1
21,6,0.9,0.86,20,1
13,6,0.11,0.26,20,1
23,1,0.12,0.15,16,1
20,6,0.1,0.43,16,1
7,5,0.7,0.97,9,0
19,1,0.12,0.75,2,0
10,2,0.7,0.31,7,0
21,3,0.71,0.03,2,1
14,5,0.41,0.87,16,1
21,2,0.27,0.43,3,0
15,6,0.29,0.23,0,0
9,4,0.24,0.94,7,0
9,1,0.34,0.05,0,0
1,6,0.79,0.5,4,0
14,4,0.23,0.45,8,0
8,6,0.4,0.36,0,0
21,4,0.3,0.68,15,0
17,0,0.71,0.39,8,0
5,2,0.21,0.48,10,0
17,5,0.37,0.62,4,0
16,6,0.2,0.55,14,0
14,0,0.81,0.84,0,0
4,1,0.34,0.49,4,0
9,3,0.66,0.39,1,0
14,3,0.39,0.82,11,0
0,3,0.57,0.89,10,0
14,3,0.34,0.18,10,0
6,2,0.63,0.66,8,0
7,4,0.29,0.87,10,0
4,0,0.77,0.85,19,1
21,2,0.86,0.12,13,1
4,3,0.41,0.72,6,0
20,5,0.29,0.85,4,0
15,5,0.3,0.93,7,0
2,1,0.97,0.32,16,1
14,1,1.0,0.67,2,0
17,1,0.15,0.54,0,0
16,5,0.5,0.92,19,1
8,6,0.73,0.38,3,0
16,4,0.36,0.39,1,0
22,5,0.14,0.01,10,0
10,3,0.38,0.57,12,0
2,0,0.64,0.72,3,0
8,0,0.12,0.17,0,0
1,1,0.02,0.06,17,1
18,2,0.03,0.89,13,0
3,0,0.38,0.42,20,1
6,3,0.09,0.18,20,1
4,6,0.95,0.47,19,1
0,0,0.07,0.51,15,0
21,4,0.1,0.92,15,0
0,1,0.85,0.71,17,1
11,6,0.63,0.04,11,0
9,4,0.21,0.88,8,0
19,2,0.54,0.0,12,0
20,2,0.87,0.75,4,0
0,3,0.66,0.6,1,0
4,4,0.35,0.22,10,0
9,6,0.77,0.05,8,0
17,5,0.48,0.79,8,0
5,0,0.21,0.69,10,0
1,1,0.37,0.33,4,0
13,4,0.24,0.71,17,1
20,0,0.78,0.87,16,1
10,6,0.08,0.55,8,0
4,4,0.97,0.71,0,0
4,6,0.94,0.91,2,0
20,3,0.12,0.28,14,0
8,3,0.58,0.33,6,0
10,1,0.62,0.75,17,1
22,5,0.43,0.42,3,0
16,1,0.26,0.07,4,0
21,2,0.99,0.39,2,1
18,0,0.02,0.39,11,0
4,1,0.79,0.46,1,0
15,5,0.14,0.07,7,0
16,3,0.09,0.69,7,0
23,1,0.95,0.93,12,0
13,5,0.06,0.52,2,0
14,4,0.6,0.32,16,1
4,5,0.03,0.51,10,0
14,0,0.12,0.75,14,0
22,0,0.37,0.04,18,1
10,6,0.99,0.24,16,1
6,6,0.59,0.05,8,0
12,4,0.34,0.05,5,0
4,5,0.35,0.11,1,0
22,3,0.71,0.88,19,1
7,1,0.74,0.82,14,0
6,4,0.95,0.97,14,0
12,4,0.47,0.83,20,1
6,5,0.78,0.83,0,0
19,0,0.96,0.35,18,1
6,4,0.29,0.57,20,1
12,6,0.81,0.5,14,0
10,6,0.63,0.26,20,1
15,0,0.58,0.24,7,0
9,0,0.36,0.81,1,0
18,2,0.25,0.51,19,1
1,5,0.99,0.49,19,1
20,0,0.94,0.43,2,1
18,2,0.41,0.8,17,1
5,0,0.18,0.56,14,0
22,6,0.16,0.68,17,1
3,6,0.15,0.32,2,0
8,3,0.54,0.35,14,0
16,1,0.22,0.53,10,0
10,5,0.65,0.05,17,1
22,6,0.9,0.45,20,1
8,0,0.0,0.46,8,0
6,0,0.81,0.59,1,0
2,2,0.93,0.27,18,1
15,0,0.15,0.67,12,0
14,6,0.93,0.8,14,0
11,5,0.34,0.63,17,1
21,6,0.43,0.62,14,0
18,0,0.61,0.19,6,0
3,3,0.59,0.75,11,0
10,1,0.45,0.86,15,0
1,0,0.73,0.14,19,1
16,3,0.23,0.19,15,0
0,0,0.27,0.55,1,0
16,0,0.24,0.19,7,0
0,2,0.01,0.16,14,0
9,4,0.3,0.15,12,0
21,2,0.63,0.75,15,0
0,1,0.16,0.07,11,0
1,6,0.31,0.16,6,0
20,2,0.74,0.71,4,0
1,0,0.54,0.47,16,1
17,3,0.08,0.68,11,0
8,4,0.34,0.21,6,0
22,0,0.07,0.53,12,0
6,5,0.76,0.53,17,1
6,0,0.07,0.01,8,0
10,3,0.78,0.32,10,0
8,6,0.01,0.13,14,0
7,0,0.38,0.48,14,0
21,0,0.23,0.01,15,0
12,3,0.84,0.71,5,0
14,5,0.65,0.42,5,0
3,5,0.16,0.89,13,0
23,4,0.58,0.86,1,0
16,4,0.79,0.81,0,0
9,3,0.17,0.3,0,0
16,0,0.94,0.84,0,0
2,0,0.33,0.71,1,0
20,5,0.12,0.52,17,1
12,4,0.94,0.44,2,1
6,3,0.05,0.2,13,0
16,5,0.8,0.74,10,0
16,5,0.02,0.3,8,0
2,4,0.21,0.16,3,0
15,5,0.87,0.15,14,1
22,6,0.51,0.22,20,1
7,4,0.28,0.14,0,0
20,1,0.35,0.89,6,0
17,0,0.36,0.36,8,0
16,2,0.7,0.81,3,0
7,4,0.8,0.58,16,1
4,2,0.14,0.78,6,0
20,3,0.32,0.7,12,0
21,2,0.82,0.26,9,1
8,6,0.46,0.84,17,1
20,6,0.86,0.39,17,1
23,1,0.84,0.2,0,1
0,2,0.4,0.33,2,0
9,1,0.43,0.69,1,0
20,5,0.64,0.48,4,0
13,4,0.8,0.18,2,0
6,6,0.55,0.75,12,0
11,1,0.26,0.79,2,0
22,5,0.21,0.36,13,0
5,6,0.08,0.42,16,1
21,1,0.45,0.47,6,0
15,2,0.91,0.4,6,1
17,3,0.75,0.57,0,0
5,2,0.57,0.67,16,1
1,4,0.67,0.66,19,1
15,1,0.72,0.34,13,0
1,2,0.61,0.68,4,0
8,3,0.1,0.03,10,0
3,3,0.35,0.85,7,0
15,4,0.85,0.41,17,1
22,0,0.95,0.63,2,0
9,0,0.55,0.5,6,0
20,6,0.53,0.89,2,0
16,4,0.14,0.73,16,1
5,0,0.17,0.79,11,0
1,0,0.53,0.32,7,0
18,6,0.7,0.37,20,1
13,4,0.56,0.42,1,0
15,3,0.0,0.38,9,0
5,2,0.66,0.59,9,0
4,3,0.21,0.61,3,0
1,1,0.23,0.74,15,0
16,3,0.86,0.52,15,0
10,3,0.28,0.86,9,0
20,2,0.15,0.49,15,0
13,0,0.92,0.85,15,0
17,4,0.59,0.46,9,0
1,1,0.67,0.17,13,0
20,3,0.19,0.88,15,0
18,0,0.26,0.8,17,1
0,1,0.87,0.94,7,0
17,5,0.92,0.06,9,1
5,6,0.08,0.27,4,0
0,4,0.24,0.85,7,0
7,1,0.87,0.09,15,1
18,0,0.04,0.31,2,0
15,5,0.44,0.09,15,0
6,1,0.91,0.07,1,1
3,6,0.29,0.7,2,0
4,4,0.05,0.4,15,0
22,1,0.4,0.34,10,0
3,1,0.84,0.84,0,0
21,1,0.82,0.48,13,1
20,1,0.35,0.89,20,1
18,3,0.97,0.81,19,1
19,0,0.84,0.94,0,0
21,4,0.37,0.33,9,0
22,0,0.88,0.54,1,0
9,5,0.3,0.32,16,1
21,2,0.76,0.68,7,0
11,0,0.95,0.86,11,0
11,1,0.62,0.84,3,0
9,6,0.46,0.74,8,0
11,6,0.52,0.58,20,1
13,5,0.29,0.45,11,0
6,6,0.94,0.09,13,1
14,1,0.96,0.77,14,0
8,3,0.01,0.46,14,0
21,3,0.54,0.61,2,0
13,6,0.88,0.14,8,1
21,6,0.77,0.28,9,1
23,5,0.55,0.35,9,0
3,1,0.1,0.29,4,0
1,1,0.85,0.16,9,1
0,4,0.38,0.04,5,0
15,2,0.79,0.42,14,0
2,6,0.04,0.77,12,0
6,3,0.91,0.84,20,1
19,2,0.45,0.42,6,0
16,3,0.01,0.12,1,0
10,4,0.32,0.5,14,0
14,1,0.31,0.98,18,1
11,4,0.76,0.49,3,0
22,5,0.43,0.16,4,0
19,4,0.24,0.99,16,1
23,5,0.01,0.91,20,1
17,0,0.83,0.89,6,0
13,6,0.22,0.87,5,0
3,2,0.65,0.28,13,0
17,4,0.83,0.49,6,1
14,0,0.56,0.49,0,0
9,2,0.86,0.83,7,0
10,4,0.5,0.22,12,0
10,4,0.5,0.86,9,0
20,0,0.97,0.1,16,1
12,2,0.21,0.07,9,0
21,0,0.37,0.72,10,0
5,4,0.21,0.27,19,1
4,3,0.66,0.6,16,1
23,0,0.54,0.38,10,0
20,3,0.41,0.69,15,0
6,1,0.96,0.38,14,1
7,3,0.35,0.52,17,1
22,4,0.04,0.08,13,0
11,2,0.06,0.73,16,1
4,2,0.03,0.66,18,1
6,4,0.16,0.57,19,1
2,2,0.33,0.97,17,1
1,5,0.32,0.72,9,0
15,5,0.44,0.63,3,0
18,0,0.11,0.81,8,0
7,2,0.82,0.42,15,1
23,1,0.3,0.19,12,0
16,1,0.8,0.4,0,0
19,1,0.73,0.3,10,0
17,0,0.67,0.03,4,0
6,4,0.0,0.93,6,0
0,3,0.58,0.85,15,0
15,6,0.34,0.86,4,0
17,0,0.59,0.66,9,0
13,3,0.13,0.62,14,0
9,4,0.62,0.69,11,0
13,4,0.76,0.17,4,0
6,5,0.82,0.71,19,1
0,3,0.59,0.66,5,0
13,2,0.86,0.81,9,0
12,2,0.72,0.66,20,1
23,0,0.5,0.97,15,0
14,6,0.92,0.09,3,1
13,1,0.1,0.14,15,0
21,6,0.23,0.09,1,0
22,0,0.06,0.71,15,0
10,4,0.04,0.12,17,1
13,2,0.13,0.2,8,0
9,1,0.5,0.08,3,0
13,2,0.2,0.59,8,0
1,3,0.94,0.81,7,0
2,1,0.01,0.38,11,0
15,6,0.89,0.35,6,1
2,2,0.83,0.35,6,1
12,3,0.79,0.63,14,0
0,0,0.41,0.41,17,1
7,4,0.57,0.61,18,1
11,2,0.18,0.65,3,0
21,5,0.57,0.64,2,0
10,3,0.07,0.97,6,0
16,3,0.37,0.74,5,0
11,1,0.67,0.13,5,0
16,3,0.97,0.1,10,1
23,0,0.95,0.1,8,1
13,2,0.3,0.11,14,0
14,6,0.43,0.18,3,0
10,1,0.17,0.11,1,0
21,4,0.51,0.09,17,1
1,3,0.59,0.27,7,0
20,2,0.12,0.11,20,1
0,5,0.49,0.48,2,0
10,1,0.44,0.07,0,0
18,2,0.03,0.75,13,0
21,0,0.26,0.4,15,0
14,0,0.39,0.43,17,1
22,2,0.38,0.41,0,0
0,4,0.29,0.49,18,1
1,0,0.03,0.67,15,0
11,2,0.05,0.75,12,0
11,1,0.16,0.69,15,0
2,4,0.09,0.95,15,0
15,6,0.5,0.05,16,1
19,6,0.85,0.11,18,1
21,1,0.37,0.19,9,0
4,4,0.67,0.32,15,0
4,1,0.83,0.93,10,0
14,1,0.16,0.9,6,0
10,1,0.23,0.66,15,0
5,1,0.42,0.73,7,0
3,1,0.59,0.14,9,0
1,3,0.29,0.55,17,1
18,0,0.22,0.76,16,1
13,0,0.69,0.99,7,0
22,5,0.05,0.12,8,0
8,5,0.38,0.75,9,0
3,4,0.12,0.53,14,0
20,4,0.27,0.78,15,0
14,3,0.95,0.17,11,1
4,5,0.53,0.84,14,0
6,5,0.19,0.29,20,1
4,3,0.74,0.47,12,0
7,3,0.65,0.67,10,0
3,1,0.34,0.96,4,0
3,3,0.2,0.4,12,0
16,2,0.89,0.79,6,0
15,0,0.54,0.98,8,0
6,5,0.58,0.93,1,0
6,3,0.96,0.39,3,1
22,5,0.1,0.95,20,1
22,3,0.53,0.97,1,0
3,6,0.71,0.37,8,0
1,0,0.91,1.0,3,0
19,5,0.68,0.97,6,0
14,6,0.17,0.34,12,0
11,3,0.49,0.76,19,1
12,6,0.08,0.23,3,0
4,2,0.32,0.78,12,0
7,3,0.01,0.28,1,0
6,3,0.45,0.71,2,0
18,5,0.39,0.27,15,0
23,4,0.15,0.4,12,0
8,3,0.86,0.55,16,1
16,5,0.43,0.44,20,1
2,3,0.63,0.91,19,1
19,4,0.57,0.01,8,0
18,1,0.94,0.97,17,1
4,5,0.07,0.74,15,0
11,2,0.23,0.6,1,0
3,3,0.59,0.73,3,0
11,2,0.47,0.92,13,0
13,3,0.56,0.99,3,0
13,6,0.43,0.55,4,0
12,6,0.11,0.03,19,1
15,0,0.6,0.95,4,0
11,5,0.7,0.19,1,0
13,2,0.46,0.57,5,0
12,6,0.7,0.97,8,0
15,4,0.44,0.69,4,0
9,5,0.99,0.63,7,0
15,0,0.57,0.01,0,0
15,1,0.48,0.45,7,0
3,2,0.45,0.87,6,0
0,3,0.65,0.27,9,0
2,2,0.2,0.5,20,1
9,4,0.14,0.4,16,1
13,6,0.48,0.5,7,0
6,6,0.84,0.25,13,1
8,3,0.08,0.56,17,1
22,1,0.21,0.43,7,0
10,5,0.9,0.7,1,0
23,3,0.79,0.88,6,0
3,4,0.84,0.21,0,1
15,4,0.21,0.9,15,0
9,6,0.25,0.35,13,0
9,2,0.51,0.09,11,0
4,2,0.37,0.59,7,0
16,1,0.01,0.81,6,0
17,0,0.7,0.77,8,0
6,0,0.43,0.17,14,0
16,1,0.84,0.33,18,1
14,5,0.16,0.08,7,0
14,5,0.59,0.7,5,0
21,1,0.01,0.55,4,0
14,1,0.62,0.88,8,0
11,4,0.24,0.44,4,0
13,5,0.63,0.59,7,0
18,4,0.16,0.09,18,1
9,1,0.72,0.4,18,1
17,5,0.38,0.79,11,0
5,5,0.07,0.04,9,0
21,1,0.12,0.6,17,1
1,0,0.4,0.74,4,0
20,2,0.93,0.36,15,1
0,0,0.27,0.75,2,0
11,3,0.21,0.33,6,0
0,0,0.79,0.26,11,0
19,0,0.06,0.47,1,0
6,1,0.45,0.75,16,1
2,3,0.44,0.83,19,1
5,5,0.78,0.67,19,1
10,0,0.94,0.65,1,0
17,1,0.29,0.29,7,0
6,5,0.62,0.3,20,1
3,6,0.05,0.57,5,0
2,0,0.09,0.5,20,1
3,1,0.57,0.06,6,0
19,0,0.92,0.75,4,0
14,4,0.93,0.92,10,0
17,0,0.36,0.92,16,1
8,3,0.28,0.31,5,0
19,1,0.26,0.71,19,1
7,5,0.91,0.51,13,0
7,1,0.01,0.14,2,0
20,0,0.01,0.54,18,1
8,2,0.42,0.17,19,1
23,6,0.76,0.65,3,0
7,5,0.42,0.04,12,0
8,2,0.66,0.65,2,0
16,2,0.26,0.12,13,0
7,4,0.47,0.19,11,0
7,3,0.41,0.96,18,1
7,0,0.03,0.11,11,0
1,5,0.0,0.95,12,0
16,4,0.41,0.1,2,0
5,6,0.72,0.58,2,0
13,2,0.06,0.79,17,1
12,3,0.01,0.05,19,1
9,4,0.25,0.48,5,0
1,2,0.93,0.13,14,1
0,1,0.64,0.98,1,0
13,3,0.31,0.95,11,0
15,6,0.1,0.21,19,1
23,6,0.93,0.85,9,0
0,0,0.69,0.72,3,0
20,2,0.02,0.38,9,0
5,1,0.28,0.88,5,0
22,4,0.83,0.92,13,0
22,0,0.62,0.74,13,0
18,4,0.2,0.99,16,1
5,0,0.09,0.03,7,0
15,6,0.2,0.72,1,0
0,6,0.56,0.78,12,0
0,3,0.95,0.5,12,0
1,3,0.75,0.76,16,1
11,6,0.04,0.09,3,0
11,3,0.47,0.97,14,0
12,6,0.29,0.74,4,0
18,5,0.06,0.62,7,0
4,6,0.34,0.36,6,0
12,0,0.24,0.66,4,0
13,2,0.62,0.76,13,0
2,6,0.48,0.99,12,0
18,3,0.47,0.45,13,0
7,6,0.49,0.93,19,1
6,2,0.89,0.61,17,1
13,6,0.98,0.37,19,1
12,3,0.93,0.57,4,0
19,3,0.03,0.04,15,0
13,4,0.89,0.16,15,1
2,3,0.56,0.66,19,1
17,1,0.71,0.18,18,1
9,4,0.45,0.3,5,0
15,5,0.36,0.64,18,1
18,0,0.76,0.35,13,0
8,5,0.71,0.18,15,0
8,0,0.38,0.79,7,0
17,5,0.44,0.02,20,1
19,4,0.7,0.12,11,0
10,5,0.25,0.46,10,0
19,1,0.9,0.52,13,0
16,4,0.24,0.38,7,0
15,2,0.95,0.69,2,0
11,5,0.63,0.91,14,0
3,4,0.32,0.82,19,1
6,0,0.88,0.49,7,1
20,4,0.18,0.91,15,0
0,6,0.44,0.26,15,0
16,0,0.87,0.15,5,1
11,0,0.81,0.57,13,0
9,1,0.38,0.83,11,0
17,3,0.53,0.34,9,0
15,4,0.17,0.07,17,1
23,6,0.32,0.56,2,0
18,3,0.77,0.68,0,0
23,3,0.69,0.95,12,0
8,1,0.6,0.94,11,0
6,1,0.69,0.33,10,0
6,2,0.48,0.66,10,0
14,4,0.08,0.99,3,0
9,3,0.06,0.79,2,0
1,3,0.37,0.71,7,0
16,0,0.62,0.51,3,0
19,1,0.99,0.22,10,1
22,4,0.2,0.01,20,1
22,1,0.88,0.19,19,1
4,3,0.28,0.66,12,0
7,3,0.22,0.81,0,0
5,1,0.57,0.35,12,0
18,5,0.42,0.17,19,1
10,0,0.62,0.86,12,0
6,3,0.05,0.45,6,0
2,1,0.15,0.86,3,0
12,5,0.98,0.41,18,1
0,6,0.15,0.35,16,1
9,4,0.68,0.44,17,1
21,4,0.1,0.06,8,0
3,3,0.95,0.89,1,0
20,0,0.25,0.66,13,0
23,5,0.8,0.27,19,1
7,0,0.02,0.32,19,1
2,4,0.77,0.67,17,1
1,3,0.16,0.62,4,0
23,4,0.9,0.13,14,1
10,2,0.49,0.28,13,0
23,0,0.92,0.85,0,0
5,3,0.08,0.66,3,0
18,5,0.96,0.68,16,1
23,2,0.02,0.18,16,1
10,6,0.59,0.22,20,1
13,6,0.74,0.98,2,0
19,0,0.69,0.77,13,0
1,0,0.08,0.67,18,1
22,0,0.7,0.35,7,1
21,2,0.47,0.65,11,0
12,0,0.27,0.12,9,0
1,2,0.35,0.65,1,0
19,1,0.75,0.96,13,0
17,2,0.97,0.38,5,1
9,4,0.82,0.03,7,1
6,2,0.95,0.81,17,1
2,0,0.12,0.43,15,0
2,4,0.89,0.86,18,1
16,1,0.45,0.47,20,1
21,3,0.33,0.7,10,0
9,4,0.85,0.08,0,1
5,3,0.54,0.86,2,0
5,5,0.32,0.69,17,1
1,5,0.26,0.57,17,1
10,0,0.77,0.89,18,1
4,2,0.86,0.35,13,1
13,1,0.74,0.84,18,1
21,5,0.77,0.55,4,0
0,5,0.47,0.87,2,0
3,5,0.15,0.43,4,0
4,0,0.62,0.35,15,0
22,5,0.93,0.96,17,1
1,4,0.13,0.43,18,1
22,4,0.36,0.13,17,1
20,5,0.37,0.7,3,0
19,5,0.12,0.1,17,1
21,5,0.63,0.91,8,0
7,4,0.92,0.64,15,0
13,3,0.42,0.82,2,0
6,2,0.67,0.1,19,1
21,1,0.42,0.68,1,0
7,3,0.93,0.39,2,1
16,2,0.28,0.29,17,1
4,5,0.35,0.92,8,0
23,6,0.47,0.87,19,1
12,0,0.82,0.5,13,0
14,2,0.34,0.83,18,1
19,0,0.03,0.94,14,0
21,1,0.4,0.34,18,1
23,6,0.14,0.75,11,0
5,2,0.29,0.83,15,0
4,5,0.86,0.81,14,0
23,4,0.96,0.41,8,1
16,5,0.9,0.98,4,0
12,0,0.56,0.32,3,0
19,2,0.45,0.72,8,0
21,0,0.07,0.61,1,0
4,5,0.07,0.98,7,0
5,6,0.11,0.76,17,1
11,5,0.5,0.87,2,0
22,2,0.47,0.49,7,0
1,6,0.02,0.17,15,0
7,3,0.9,0.02,0,1
6,6,0.09,0.84,9,0
15,2,0.91,0.72,14,0
13,1,0.16,0.43,3,0
20,0,0.88,0.09,16,1
21,5,0.37,0.89,7,0
7,3,0.62,0.43,6,0
9,6,0.88,0.62,3,0
16,4,0.4,0.12,6,0
7,4,0.38,0.24,12,0
4,5,0.82,0.2,16,1
7,5,0.87,0.84,7,0
17,2,0.47,0.02,1,0
0,4,0.59,0.53,13,0
13,1,0.41,0.76,13,0
2,3,0.28,0.78,12,0
14,3,0.78,0.49,0,0
20,1,0.96,0.95,2,0
13,1,0.47,0.25,18,1
16,1,0.66,0.54,11,0
7,6,0.62,0.2,20,1
19,4,0.72,0.58,17,1
2,5,0.68,0.7,0,0
2,5,0.34,0.67,8,0
21,5,0.12,0.06,20,1
16,2,0.7,0.42,19,1
21,4,0.65,0.41,8,0
0,0,0.59,0.71,18,1
8,4,0.99,0.02,12,1
22,3,0.48,0.52,14,0
21,4,0.72,0.34,6,1
15,1,0.37,0.68,19,1
4,6,0.85,0.55,12,0
4,2,0.14,0.07,2,0
8,4,0.21,0.05,6,0
11,5,0.33,0.87,13,0
10,1,0.61,0.32,9,0
13,3,0.39,0.69,19,1
13,4,0.64,0.11,5,0
13,6,0.61,0.59,0,0
22,6,0.87,0.75,0,0
6,4,0.11,0.2,19,1
1,4,0.67,0.89,8,0
18,6,0.08,0.93,20,1
19,4,0.44,0.42,16,1
12,0,0.88,0.93,8,0
14,5,0.23,0.31,11,0
3,2,0.84,0.89,6,0
10,2,0.15,1.0,17,1
20,6,0.69,0.5,15,0
5,6,0.9,0.14,2,1
13,1,0.37,0.48,10,0
17,5,0.11,0.93,13,0
21,2,0.98,0.54,16,1
23,2,0.66,0.83,19,1
20,4,0.82,0.03,1,1
16,1,0.38,0.17,6,0
18,5,0.92,0.92,0,0
20,2,0.76,0.78,9,0
7,1,0.68,0.45,3,0
22,1,0.39,0.94,4,0
4,5,0.31,0.41,12,0
2,3,0.09,0.02,8,0
0,4,0.35,0.65,2,0
22,3,0.0,0.61,6,0
16,0,0.29,0.09,2,0
10,6,0.05,0.03,14,0
1,3,0.94,0.77,7,0
23,1,0.78,0.84,14,0
12,4,0.51,0.54,18,1
20,0,0.25,0.73,0,0
14,5,0.95,0.24,9,1
9,2,0.49,0.18,4,0
8,4,0.66,0.4,7,0
5,5,0.97,0.83,17,1
22,5,0.95,0.34,12,1
7,1,0.19,1.0,3,0
19,1,0.58,0.51,2,0
1,4,0.65,0.76,20,1
20,5,0.73,0.54,6,0
16,0,0.39,0.71,7,0
0,0,0.27,0.95,17,1
9,5,0.58,0.13,17,1
23,2,0.61,0.63,0,0
11,4,0.23,0.34,6,0
12,2,0.4,0.76,5,0
1,1,0.19,0.88,14,0
23,5,0.37,0.87,3,0
1,5,0.06,0.24,13,0
0,4,0.13,0.77,18,1
15,2,0.95,0.11,13,1
3,0,0.44,0.84,13,0
15,1,0.76,0.71,19,1
19,1,0.23,0.47,8,0
9,2,0.45,0.7,5,0
11,2,0.12,0.42,4,0
2,1,0.82,0.22,19,1
9,6,0.4,0.8,10,0
1,6,0.28,0.2,20,1
8,3,0.41,0.89,13,0
10,1,0.24,0.28,0,0
0,1,0.79,0.23,6,0
8,3,0.03,0.02,4,0
1,5,0.36,0.51,11,0
21,1,0.75,0.18,19,1
2,2,0.33,0.53,10,0
4,4,0.56,0.42,20,1
13,4,0.19,0.11,0,0
8,5,0.69,0.44,18,1
2,0,0.2,0.39,2,0
2,2,0.6,0.91,18,1
17,5,0.89,0.92,15,0
14,6,0.19,0.4,17,1
15,5,0.59,0.23,1,0
10,0,0.59,0.72,1,0
22,5,0.62,0.85,10,0
2,6,0.11,0.73,17,1
5,4,0.97,0.61,4,0
15,3,0.8,0.76,6,0
16,4,0.58,0.11,18,1
23,2,0.65,0.98,17,1
19,3,0.01,0.99,4,0
17,3,0.17,0.31,20,1
18,1,0.5,0.91,10,0
14,3,0.77,0.52,2,0
16,6,0.18,0.4,9,0
15,0,0.72,0.73,15,0
7,2,0.37,0.85,8,0
7,3,0.62,0.94,17,1
0,2,0.89,0.65,14,0
6,6,0.02,0.74,0,0
13,4,0.65,0.12,9,0
5,6,0.97,0.89,17,1
19,4,0.56,0.83,4,0
3,6,0.06,0.52,8,0
22,4,0.21,0.32,4,0
13,6,0.87,0.4,8,1
6,5,0.18,0.2,19,1
0,1,0.72,0.88,2,0
19,0,0.51,0.9,6,0
13,0,0.01,0.92,19,1
8,0,0.45,0.81,5,0
2,2,0.91,0.51,12,0
11,5,0.72,0.71,11,0
2,0,0.2,0.77,15,0
0,1,0.99,0.28,15,1
22,0,0.3,0.33,10,0
13,5,0.08,0.25,15,0
2,1,1.0,0.71,2,0
13,6,0.43,0.2,1,0
15,4,0.67,0.78,7,0
5,6,0.03,0.42,17,1
0,5,0.38,0.75,16,1
2,6,0.66,0.43,2,0
15,2,0.43,0.97,16,1
5,0,0.96,0.51,5,0
10,1,0.53,0.33,11,0
4,0,0.78,0.59,16,1
22,1,0.27,0.59,18,1
0,2,0.23,0.52,8,0
22,6,0.57,0.57,12,0
18,3,0.82,0.85,18,1
20,3,0.12,0.84,4,0
20,6,0.79,0.46,8,0
8,5,0.9,0.44,11,1
7,0,0.65,0.1,19,1
16,0,0.39,0.18,11,0
3,1,0.13,0.76,4,0
5,2,0.67,0.52,13,0
10,0,0.67,0.15,8,0
15,4,0.46,0.31,0,0
0,3,0.93,0.56,11,0
12,5,0.93,0.29,8,1
3,4,0.23,0.02,6,0
4,3,0.86,0.94,17,1
1,2,0.58,0.03,5,0
14,2,0.23,0.82,15,0
12,3,0.95,0.99,11,0
3,1,0.0,0.66,19,1
7,3,0.19,0.9,16,1
12,4,0.93,1.0,3,0
23,0,0.56,0.54,9,0
12,3,0.91,0.14,20,1
4,2,0.5,0.04,9,0
9,5,0.97,0.42,2,1
22,0,0.05,0.13,11,0
2,2,0.9,0.68,4,0
3,3,0.42,0.98,5,0
5,4,0.45,0.32,18,1
23,4,0.57,0.11,19,1
15,0,0.6,0.93,7,0
9,4,0.54,0.98,15,0
18,2,0.75,0.33,8,0
15,2,0.9,0.59,9,0
7,0,0.01,0.12,9,0
3,3,0.87,0.56,1,0
16,0,0.72,0.65,8,0
6,0,0.33,0.92,13,0
14,1,0.18,0.47,6,0
5,2,0.05,0.32,20,1
20,5,1.0,0.91,10,0
1,3,0.64,0.75,4,0
8,1,0.41,0.52,16,1
13,3,0.11,0.92,20,1
11,1,0.73,0.61,8,0
9,5,1.0,0.86,17,1
23,5,0.98,0.37,18,1
2,3,0.74,0.23,6,0
3,6,0.6,1.0,3,0
10,1,0.48,0.91,13,0
5,2,0.17,0.21,10,0
22,5,0.13,0.75,0,0
17,1,0.01,0.66,16,1
19,4,0.87,0.45,19,1
4,0,0.97,0.07,8,1
22,2,0.43,0.55,19,1
23,1,0.57,0.56,9,0
16,3,0.38,0.16,17,1
17,4,0.9,0.26,1,1
14,1,0.62,0.49,7,0
9,1,0.15,0.72,15,0
21,1,0.55,0.95,1,0
9,3,0.33,0.59,20,1
3,2,0.01,0.12,1,0
5,3,0.41,0.53,16,1
21,3,0.25,0.56,17,1
15,1,0.53,0.41,4,0
19,2,0.36,0.2,6,0
13,1,0.05,0.64,2,0
2,3,0.44,0.41,2,0
14,4,0.43,0.34,15,0
20,6,0.01,0.25,10,0
2,3,0.54,0.84,1,0
13,6,0.49,0.84,16,1
22,2,0.12,0.64,1,0
15,4,0.4,0.57,3,0
2,2,0.47,0.88,15,0
4,1,0.73,0.45,4,0
13,2,0.88,0.73,3,0
4,6,0.95,0.85,14,0
8,2,0.68,0.14,6,0
23,3,0.08,0.6,5,0
4,3,0.62,0.14,10,0
14,0,0.75,0.43,5,0
20,1,0.71,0.86,10,0
1,5,0.56,0.5,19,1
15,4,0.74,0.53,12,0
1,1,0.98,0.35,13,1
14,5,0.29,0.98,17,1
21,1,0.95,0.51,9,0
3,0,0.81,0.23,20,1
10,6,0.71,0.57,2,0
2,2,0.88,0.34,0,1
6,1,0.15,0.46,6,0
20,2,0.68,0.69,6,0
20,4,0.92,0.38,6,1
6,6,0.73,0.76,14,0
9,5,0.6,0.37,4,0
4,5,0.46,0.42,3,0
11,1,0.69,0.2,18,1
7,0,0.19,0.85,15,0
1,4,0.95,0.95,13,0
18,1,0.57,0.5,17,1
1,4,0.77,0.15,0,0
21,0,0.73,0.4,12,0
1,1,0.51,0.54,19,1
4,2,0.96,0.0,4,1
10,1,0.21,0.24,7,0
0,0,0.59,0.12,3,0
19,4,0.76,0.87,8,0
11,0,0.15,0.28,8,0
14,4,0.01,0.92,3,0
4,4,0.75,0.32,11,0
3,5,0.92,0.22,5,1
15,1,0.75,0.76,9,0
10,6,0.07,0.09,2,0
13,6,0.43,0.15,13,0
11,1,1.0,0.18,14,1
16,0,0.26,0.88,16,1
3,3,0.82,0.56,18,1
19,4,0.95,0.94,2,0
12,0,0.76,0.21,7,0
8,5,0.34,0.26,6,0
22,3,0.28,0.87,16,1
0,1,0.47,0.19,16,1
10,3,0.57,0.24,19,1
9,2,0.03,0.86,19,1
16,4,0.94,0.03,14,1
17,1,0.0,0.72,9,0
12,4,0.57,0.21,13,0
16,3,0.79,0.61,1,0
6,4,0.08,0.3,11,0
23,1,0.66,0.17,7,1
18,3,0.37,0.11,12,0
12,2,0.68,0.95,15,0
18,0,0.42,0.63,0,0
12,6,0.31,0.74,7,0
15,2,0.64,0.07,16,1
22,0,0.51,0.3,5,0
6,0,0.82,0.62,18,1
11,4,0.22,0.82,7,0
12,1,0.87,0.78,7,0
12,4,0.78,0.26,4,0
1,5,0.75,0.82,17,1
0,6,0.34,0.44,1,0
16,5,0.98,0.9,7,0
5,5,0.75,0.88,14,0
10,4,0.29,0.91,13,0
5,5,0.95,0.36,11,1
5,4,0.53,0.58,17,1
14,1,1.0,0.64,15,0
9,0,0.55,0.47,2,0
3,2,0.65,0.84,6,0
6,3,0.35,0.88,14,0
10,2,0.85,0.54,17,1
15,6,0.5,0.13,15,0
